id,code,decor,structure,name,url,price,category,sellUnit,Label,height,width,description,isNew,worktop,thickness,producer,url + code
recH0IoWaAy9p16Ld,0110_SM_2800x2070_18,0110,SM,BIAŁY KORPUSOWY,https://azmproducts.plasmic.run/product/recH0IoWaAy9p16Ld,"PLN 215,84",Płyta,CAŁA,,2800,2070,Płyta laminowana,,,18,Kronospan,"https://azmproducts.plasmic.run/product/recH0IoWaAy9p16Ld, 0110_SM_2800x2070_18"
recyKtEM4WWMikBUj,0101_PE_2800x2070_18,0101,PE,BIAŁY FRONTOWY,https://azmproducts.plasmic.run/product/recyKtEM4WWMikBUj,"PLN 237,83",Płyta,CAŁA,,2800,2070,Płyta laminowana,,,18,Kronospan,"https://azmproducts.plasmic.run/product/recyKtEM4WWMikBUj, 0101_PE_2800x2070_18"
recaT8xUN5LTBT015,6459_SM _2800x2070_18,6459,SM ,BIAŁY PLATYNOWY,https://azmproducts.plasmic.run/product/recaT8xUN5LTBT015,"PLN 249,15",Płyta,CAŁA,,2800,2070,Płyta laminowana,,,18,Kronospan,"https://azmproducts.plasmic.run/product/recaT8xUN5LTBT015, 6459_SM _2800x2070_18"
reciCbRiTEyFpTTv9,8685_BS_2800x2070_18,8685,BS,BIEL ALPEJSKA,https://azmproducts.plasmic.run/product/reciCbRiTEyFpTTv9,"PLN 203,95",Płyta,CAŁA,,2800,2070,Płyta laminowana,,,18,Kronospan,"https://azmproducts.plasmic.run/product/reciCbRiTEyFpTTv9, 8685_BS_2800x2070_18"
recxkEGKxmY1Dycvt,8685_SM_2800x2070_18,8685,SM,BIEL ALPEJSKA,https://azmproducts.plasmic.run/product/recxkEGKxmY1Dycvt,"PLN 203,95",Płyta,PASY,,2800,2070,Płyta laminowana,,,18,Kronospan,"https://azmproducts.plasmic.run/product/recxkEGKxmY1Dycvt, 8685_SM_2800x2070_18"
rec8O3STOQAbm4mmy,8685_PD_2800x2070_18,8685,PD,BIEL ALPEJSKA,https://azmproducts.plasmic.run/product/rec8O3STOQAbm4mmy,"PLN 214,45",Płyta,CAŁA,,2800,2070,Płyta laminowana,checked,8685 RS,18,Kronospan,"https://azmproducts.plasmic.run/product/rec8O3STOQAbm4mmy, 8685_PD_2800x2070_18"
recab2w5qSzORSjdB,0112_PE_2800x2070_18,0112,PE,JASNY SZARY,https://azmproducts.plasmic.run/product/recab2w5qSzORSjdB,"PLN 208,01",Płyta,PASY,x,2800,2070,Płyta laminowana,,,18,Kronospan,"https://azmproducts.plasmic.run/product/recab2w5qSzORSjdB, 0112_PE_2800x2070_18"
recvSC9VeJGAp7gaH,0162_ PE_2800x2070_18,0162, PE,GRAFIT SZARY,https://azmproducts.plasmic.run/product/recvSC9VeJGAp7gaH,"PLN 233,21",Płyta,CAŁA,,2800,2070,Płyta laminowana,,,18,Kronospan,"https://azmproducts.plasmic.run/product/recvSC9VeJGAp7gaH, 0162_ PE_2800x2070_18"
rec1PZg4pkoCf7fPa,0164_PE_2800x2070_18,0164,PE,ANTRACYT,https://azmproducts.plasmic.run/product/rec1PZg4pkoCf7fPa,"PLN 201,69",Płyta,PÓŁ,,2800,2070,Płyta laminowana,,,18,Kronospan,"https://azmproducts.plasmic.run/product/rec1PZg4pkoCf7fPa, 0164_PE_2800x2070_18"
rec8SzgWKVVEXXrfu,0164_PD_2800x2070_18,0164,PD,ANTRACYT,https://azmproducts.plasmic.run/product/rec8SzgWKVVEXXrfu,"PLN 214,45",Płyta,CAŁA,,2800,2070,Płyta laminowana,checked,,18,Kronospan,"https://azmproducts.plasmic.run/product/rec8SzgWKVVEXXrfu, 0164_PD_2800x2070_18"
recljNOtJVmNaG9qe,0166_BS_2800x2070_18,0166,BS,BAZALT ,https://azmproducts.plasmic.run/product/recljNOtJVmNaG9qe,"PLN 247,24",Płyta,CAŁA,,2800,2070,Płyta laminowana,,,18,Kronospan,"https://azmproducts.plasmic.run/product/recljNOtJVmNaG9qe, 0166_BS_2800x2070_18"
recj1a5AXpbbyAM2w,0171_PE_2800x2070_18,0171,PE,JASNY GRAFIT,https://azmproducts.plasmic.run/product/recj1a5AXpbbyAM2w,"PLN 247,24",Płyta,CAŁA,,2800,2070,Płyta laminowana,,,18,Kronospan,"https://azmproducts.plasmic.run/product/recj1a5AXpbbyAM2w, 0171_PE_2800x2070_18"
rec31ScO4snPidh8V,0190_PE_2800x2070_18,0190,PE,CZARNY,https://azmproducts.plasmic.run/product/rec31ScO4snPidh8V,"PLN 203,95",Płyta,PÓŁ,,2800,2070,Płyta laminowana,,190 RS,18,Kronospan,"https://azmproducts.plasmic.run/product/rec31ScO4snPidh8V, 0190_PE_2800x2070_18"
recaPedYvgWJ4rjAP,0190_PD_2800x2070_18,0190,PD,CZARNY,https://azmproducts.plasmic.run/product/recaPedYvgWJ4rjAP,"PLN 214,45",Płyta,CAŁA,,2800,2070,Płyta laminowana,checked,,18,Kronospan,"https://azmproducts.plasmic.run/product/recaPedYvgWJ4rjAP, 0190_PD_2800x2070_18"
recebQ5qSMWMDIrtM,0191_SU_2800x2070_18,0191,SU,SZARY,https://azmproducts.plasmic.run/product/recebQ5qSMWMDIrtM,"PLN 247,24",Płyta,CAŁA,,2800,2070,Płyta laminowana,,,18,Kronospan,"https://azmproducts.plasmic.run/product/recebQ5qSMWMDIrtM, 0191_SU_2800x2070_18"
reczwOQt1KvnwWaj1,0197_SU_2800x2070_18,0197,SU,SZARY CHINCHILLA,https://azmproducts.plasmic.run/product/reczwOQt1KvnwWaj1,"PLN 247,24",Płyta,CAŁA,,2800,2070,Płyta laminowana,,,18,Kronospan,"https://azmproducts.plasmic.run/product/reczwOQt1KvnwWaj1, 0197_SU_2800x2070_18"
recJpwEcPmC4IFe73,0514_PE_2800x2070_18,0514,PE,KOŚĆ SŁONIOWA,https://azmproducts.plasmic.run/product/recJpwEcPmC4IFe73,"PLN 247,24",Płyta,CAŁA,,2800,2070,Płyta laminowana,,,18,Kronospan,"https://azmproducts.plasmic.run/product/recJpwEcPmC4IFe73, 0514_PE_2800x2070_18"
recUvSz60PgU94KDt,0515_PE_2800x2070_18,0515,PE,PIASKOWY,https://azmproducts.plasmic.run/product/recUvSz60PgU94KDt,"PLN 247,24",Płyta,CAŁA,,2800,2070,Płyta laminowana,,,18,Kronospan,"https://azmproducts.plasmic.run/product/recUvSz60PgU94KDt, 0515_PE_2800x2070_18"
rec8zb3V7rysvaVRx,0522_PE_2800x2070_18,0522,PE,BEŻOWY,https://azmproducts.plasmic.run/product/rec8zb3V7rysvaVRx,"PLN 247,24",Płyta,CAŁA,,2800,2070,Płyta laminowana,,,18,Kronospan,"https://azmproducts.plasmic.run/product/rec8zb3V7rysvaVRx, 0522_PE_2800x2070_18"
rec3HbDWqoZ5iLck1,0540_PE_2800x2070_18,0540,PE,MANHATTAN SZARY,https://azmproducts.plasmic.run/product/rec3HbDWqoZ5iLck1,"PLN 247,24",Płyta,CAŁA,,2800,2070,Płyta laminowana,,,18,Kronospan,"https://azmproducts.plasmic.run/product/rec3HbDWqoZ5iLck1, 0540_PE_2800x2070_18"
recpOlkEZ2MgMKIMn,0564_PE_2800x2070_18,0564,PE,MIGDAŁOWY,https://azmproducts.plasmic.run/product/recpOlkEZ2MgMKIMn,"PLN 247,24",Płyta,CAŁA,,2800,2070,Płyta laminowana,,,18,Kronospan,"https://azmproducts.plasmic.run/product/recpOlkEZ2MgMKIMn, 0564_PE_2800x2070_18"
recgWOX14BVmMakuy,1700_PE_2800x2070_18,1700,PE,STALOWO SZARY,https://azmproducts.plasmic.run/product/recgWOX14BVmMakuy,"PLN 247,24",Płyta,CAŁA,,2800,2070,Płyta laminowana,,,18,Kronospan,"https://azmproducts.plasmic.run/product/recgWOX14BVmMakuy, 1700_PE_2800x2070_18"
recEfENv0NlkUgOBj,5981_BS_2800x2070_18,5981,BS,KASZMIR,https://azmproducts.plasmic.run/product/recEfENv0NlkUgOBj,"PLN 201,69",Płyta,PÓŁ,,2800,2070,Płyta laminowana,,,18,Kronospan,"https://azmproducts.plasmic.run/product/recEfENv0NlkUgOBj, 5981_BS_2800x2070_18"
recIw9qvdlmb5keOi,5981_PD_2800x2070_18,5981,PD,KASZMIR NOWOŚĆ,https://azmproducts.plasmic.run/product/recIw9qvdlmb5keOi,"PLN 214,45",Płyta,CAŁA,,2800,2070,Płyta laminowana,checked,,18,Kronospan,"https://azmproducts.plasmic.run/product/recIw9qvdlmb5keOi, 5981_PD_2800x2070_18"
rec8f7UJh8tlAp8gY,5982_BS_2800x2070_18,5982,BS,MUSZLA,https://azmproducts.plasmic.run/product/rec8f7UJh8tlAp8gY,"PLN 247,24",Płyta,CAŁA,,2800,2070,Płyta laminowana,,,18,Kronospan,"https://azmproducts.plasmic.run/product/rec8f7UJh8tlAp8gY, 5982_BS_2800x2070_18"
rec6L4ojLIHT0KzJ2,7031_BS_2800x2070_18,7031,BS,KREM,https://azmproducts.plasmic.run/product/rec6L4ojLIHT0KzJ2,"PLN 247,24",Płyta,CAŁA,,2800,2070,Płyta laminowana,,,18,Kronospan,"https://azmproducts.plasmic.run/product/rec6L4ojLIHT0KzJ2, 7031_BS_2800x2070_18"
recq0vIKdp9M0NWiU,7045_SU_2800x2070_18,7045,SU,SZAMPAŃSKI,https://azmproducts.plasmic.run/product/recq0vIKdp9M0NWiU,"PLN 247,24",Płyta,PÓŁ,,2800,2070,Płyta laminowana,,7045 RS,18,Kronospan,"https://azmproducts.plasmic.run/product/recq0vIKdp9M0NWiU, 7045_SU_2800x2070_18"
recVbaF8M073O8u3F,8100_SM _2800x2070_18,8100,SM ,PERŁOWY BIAŁY,https://azmproducts.plasmic.run/product/recVbaF8M073O8u3F,"PLN 247,24",Płyta,CAŁA,,2800,2070,Płyta laminowana,,,18,Kronospan,"https://azmproducts.plasmic.run/product/recVbaF8M073O8u3F, 8100_SM _2800x2070_18"
recp4ia5zJjfoMi5q,8533_BS_2800x2070_18,8533,BS,MACCHIATO,https://azmproducts.plasmic.run/product/recp4ia5zJjfoMi5q,"PLN 247,24",Płyta,CAŁA,,2800,2070,Płyta laminowana,,,18,Kronospan,"https://azmproducts.plasmic.run/product/recp4ia5zJjfoMi5q, 8533_BS_2800x2070_18"
reci74nWuQG77C7OJ,8681_SM _2800x2070_18,8681,SM ,BIAŁY BRYLANTOWY,https://azmproducts.plasmic.run/product/reci74nWuQG77C7OJ,"PLN 213,75",Płyta,PÓŁ,,2800,2070,Płyta laminowana,,,18,Kronospan,"https://azmproducts.plasmic.run/product/reci74nWuQG77C7OJ, 8681_SM _2800x2070_18"
recNfYjlHEoXG7Vzf,8681_SU_2800x2070_18,8681,SU,BIAŁY BRYLANTOWY,https://azmproducts.plasmic.run/product/recNfYjlHEoXG7Vzf,"PLN 247,24",Płyta,CAŁA,,2800,2070,Płyta laminowana,,,18,Kronospan,"https://azmproducts.plasmic.run/product/recNfYjlHEoXG7Vzf, 8681_SU_2800x2070_18"
recKzqomBnk6NrK2s,0125_BS_2800x2070_18,0125,BS,NIEBIESKI,https://azmproducts.plasmic.run/product/recKzqomBnk6NrK2s,"PLN 280,86",Płyta,CAŁA,,2800,2070,Płyta laminowana,,,18,Kronospan,"https://azmproducts.plasmic.run/product/recKzqomBnk6NrK2s, 0125_BS_2800x2070_18"
receXs3Tfk1FtBFyB,0132_BS_2800x2070_18,0132,BS,POMARAŃCZOWY,https://azmproducts.plasmic.run/product/receXs3Tfk1FtBFyB,"PLN 280,86",Płyta,CAŁA,,2800,2070,Płyta laminowana,,,18,Kronospan,"https://azmproducts.plasmic.run/product/receXs3Tfk1FtBFyB, 0132_BS_2800x2070_18"
recnRp1ZKzkb4aQuW,0134_BS_2800x2070_18,0134,BS,ŻÓŁTY,https://azmproducts.plasmic.run/product/recnRp1ZKzkb4aQuW,"PLN 280,86",Płyta,CAŁA,,2800,2070,Płyta laminowana,,,18,Kronospan,"https://azmproducts.plasmic.run/product/recnRp1ZKzkb4aQuW, 0134_BS_2800x2070_18"
recCwXTPENoyzflDE,0244_SU_2800x2070_18,0244,SU,PETROL,https://azmproducts.plasmic.run/product/recCwXTPENoyzflDE,"PLN 280,86",Płyta,CAŁA,,2800,2070,Płyta laminowana,,,18,Kronospan,"https://azmproducts.plasmic.run/product/recCwXTPENoyzflDE, 0244_SU_2800x2070_18"
recUFFtciRdZU2kd2,0301_SU_2800x2070_18,0301,SU,CAPPUCINO,https://azmproducts.plasmic.run/product/recUFFtciRdZU2kd2,"PLN 270,15",Płyta,CAŁA,,2800,2070,Płyta laminowana,,,18,Kronospan,"https://azmproducts.plasmic.run/product/recUFFtciRdZU2kd2, 0301_SU_2800x2070_18"
recFOII339lKgvMcA,5994_SU_2800x2070_18,5994,SU,ALBY BLUE ,https://azmproducts.plasmic.run/product/recFOII339lKgvMcA,"PLN 270,15",Płyta,CAŁA,,2800,2070,Płyta laminowana,,,18,Kronospan,"https://azmproducts.plasmic.run/product/recFOII339lKgvMcA, 5994_SU_2800x2070_18"
recEUEc0bCrpdGbyg,6299_BS_2800x2070_18,6299,BS,KOBALT SZARY,https://azmproducts.plasmic.run/product/recEUEc0bCrpdGbyg,"PLN 270,15",Płyta,CAŁA,,2800,2070,Płyta laminowana,,,18,Kronospan,"https://azmproducts.plasmic.run/product/recEUEc0bCrpdGbyg, 6299_BS_2800x2070_18"
recIs9omSsbmHJQYn,7063_SU_2800x2070_18,7063,SU,PASTELOWY ZIELONY,https://azmproducts.plasmic.run/product/recIs9omSsbmHJQYn,"PLN 280,86",Płyta,CAŁA,,2800,2070,Płyta laminowana,,,18,Kronospan,"https://azmproducts.plasmic.run/product/recIs9omSsbmHJQYn, 7063_SU_2800x2070_18"
recRyHBTV6Yf1pP7l,7113_BS_2800x2070_18,7113,BS,CZERWIEŃ CHILLI,https://azmproducts.plasmic.run/product/recRyHBTV6Yf1pP7l,"PLN 280,86",Płyta,CAŁA,,2800,2070,Płyta laminowana,,,18,Kronospan,"https://azmproducts.plasmic.run/product/recRyHBTV6Yf1pP7l, 7113_BS_2800x2070_18"
reclIcQ6BHF6pHKzj,7166_BS_2800x2070_18,7166,BS,LATTE,https://azmproducts.plasmic.run/product/reclIcQ6BHF6pHKzj,"PLN 280,86",Płyta,CAŁA,,2800,2070,Płyta laminowana,,,18,Kronospan,"https://azmproducts.plasmic.run/product/reclIcQ6BHF6pHKzj, 7166_BS_2800x2070_18"
rec0uB6RwPawXlRyq,7181_BS_2800x2070_18,7181,BS,CIEMNA CZEKOLADA ,https://azmproducts.plasmic.run/product/rec0uB6RwPawXlRyq,"PLN 280,86",Płyta,CAŁA,,2800,2070,Płyta laminowana,,,18,Kronospan,"https://azmproducts.plasmic.run/product/rec0uB6RwPawXlRyq, 7181_BS_2800x2070_18"
recjp0PHtjgdkZAjJ,7190_BS_2800x2070_18,7190,BS,ZIELEŃ MAMBA,https://azmproducts.plasmic.run/product/recjp0PHtjgdkZAjJ,"PLN 280,86",Płyta,CAŁA,,2800,2070,Płyta laminowana,,,18,Kronospan,"https://azmproducts.plasmic.run/product/recjp0PHtjgdkZAjJ, 7190_BS_2800x2070_18"
recxyb6cUhVri7Unf,8984_BS_2800x2070_18,8984,BS,GRANATOWY,https://azmproducts.plasmic.run/product/recxyb6cUhVri7Unf,"PLN 280,86",Płyta,CAŁA,,2800,2070,Płyta laminowana,,,18,Kronospan,"https://azmproducts.plasmic.run/product/recxyb6cUhVri7Unf, 8984_BS_2800x2070_18"
rectCFAznH29gUnwD,9551_BS_2800x2070_18,9551,BS,CZERWONY OXID,https://azmproducts.plasmic.run/product/rectCFAznH29gUnwD,"PLN 280,86",Płyta,CAŁA,,2800,2070,Płyta laminowana,,,18,Kronospan,"https://azmproducts.plasmic.run/product/rectCFAznH29gUnwD, 9551_BS_2800x2070_18"
recsKMWQQWOlr3K2W,9561_BS_2800x2070_18,9561,BS,ZIELONY OXID,https://azmproducts.plasmic.run/product/recsKMWQQWOlr3K2W,"PLN 280,86",Płyta,CAŁA,,2800,2070,Płyta laminowana,,,18,Kronospan,"https://azmproducts.plasmic.run/product/recsKMWQQWOlr3K2W, 9561_BS_2800x2070_18"
recdAhJrLJBvA6kcI,K096_SU_2800x2070_18,K096,SU,GLINA SZARA,https://azmproducts.plasmic.run/product/recdAhJrLJBvA6kcI,"PLN 270,15",Płyta,CAŁA,,2800,2070,Płyta laminowana,,,18,Kronospan,"https://azmproducts.plasmic.run/product/recdAhJrLJBvA6kcI, K096_SU_2800x2070_18"
recBAL4qoc8YYUWhH,K097_SU_2800x2070_18,K097,SU,BŁĘKITNY ZMIERZCH,https://azmproducts.plasmic.run/product/recBAL4qoc8YYUWhH,"PLN 280,86",Płyta,CAŁA,,2800,2070,Płyta laminowana,,,18,Kronospan,"https://azmproducts.plasmic.run/product/recBAL4qoc8YYUWhH, K097_SU_2800x2070_18"
rec31p2MdyPqAGU08,K098_SU_2800x2070_18,K098,SU,CERAMICZNY,https://azmproducts.plasmic.run/product/rec31p2MdyPqAGU08,"PLN 280,86",Płyta,CAŁA,,2800,2070,Płyta laminowana,,,18,Kronospan,"https://azmproducts.plasmic.run/product/rec31p2MdyPqAGU08, K098_SU_2800x2070_18"
recLjinn7AVPelrqZ,K512_SU_2800x2070_18,K512,SU,RÓŻ NATURALNY ,https://azmproducts.plasmic.run/product/recLjinn7AVPelrqZ,"PLN 280,86",Płyta,CAŁA,,2800,2070,Płyta laminowana,,,18,Kronospan,"https://azmproducts.plasmic.run/product/recLjinn7AVPelrqZ, K512_SU_2800x2070_18"
reczFvhbOIboVfKqB,K513_SU_2800x2070_18,K513,SU,MARSCHMALLOW ,https://azmproducts.plasmic.run/product/reczFvhbOIboVfKqB,"PLN 280,86",Płyta,CAŁA,,2800,2070,Płyta laminowana,,,18,Kronospan,"https://azmproducts.plasmic.run/product/reczFvhbOIboVfKqB, K513_SU_2800x2070_18"
recrpp99na1Dzw4CB,K514_SU_2800x2070_18,K514,SU,GŁĘBIA SAHARY ,https://azmproducts.plasmic.run/product/recrpp99na1Dzw4CB,"PLN 280,86",Płyta,CAŁA,,2800,2070,Płyta laminowana,,,18,Kronospan,"https://azmproducts.plasmic.run/product/recrpp99na1Dzw4CB, K514_SU_2800x2070_18"
rec3qIrnbfbHZmg8Z,K515_SU_2800x2070_18,K515,SU,PIKANTNA CZERWIEŃ ,https://azmproducts.plasmic.run/product/rec3qIrnbfbHZmg8Z,"PLN 280,86",Płyta,CAŁA,,2800,2070,Płyta laminowana,,,18,Kronospan,"https://azmproducts.plasmic.run/product/rec3qIrnbfbHZmg8Z, K515_SU_2800x2070_18"
recwBcuxiU4uAZO6w,K516_SU_2800x2070_18,K516,SU,TOFFEE ,https://azmproducts.plasmic.run/product/recwBcuxiU4uAZO6w,"PLN 280,86",Płyta,CAŁA,,2800,2070,Płyta laminowana,,,18,Kronospan,"https://azmproducts.plasmic.run/product/recwBcuxiU4uAZO6w, K516_SU_2800x2070_18"
recpHTwKqKdXajSQ9,K517_SU_2800x2070_18,K517,SU,LAZUROWY BŁĘKIT ,https://azmproducts.plasmic.run/product/recpHTwKqKdXajSQ9,"PLN 280,86",Płyta,CAŁA,,2800,2070,Płyta laminowana,,,18,Kronospan,"https://azmproducts.plasmic.run/product/recpHTwKqKdXajSQ9, K517_SU_2800x2070_18"
recw4jPepI9TMKrAl,K518_SU_2800x2070_18,K518,SU,SURF BLUE ,https://azmproducts.plasmic.run/product/recw4jPepI9TMKrAl,"PLN 280,86",Płyta,CAŁA,,2800,2070,Płyta laminowana,,,18,Kronospan,"https://azmproducts.plasmic.run/product/recw4jPepI9TMKrAl, K518_SU_2800x2070_18"
rec6xAXodaajRtiK8,K519_SU_2800x2070_18,K519,SU,MOUSE GREY ,https://azmproducts.plasmic.run/product/rec6xAXodaajRtiK8,"PLN 201,69",Płyta,CAŁA,,2800,2070,Płyta laminowana,,,18,Kronospan,"https://azmproducts.plasmic.run/product/rec6xAXodaajRtiK8, K519_SU_2800x2070_18"
recZOBIPWXYBCvVUF,K520_SU_2800x2070_18,K520,SU,CIEMNY SZMARAGD ,https://azmproducts.plasmic.run/product/recZOBIPWXYBCvVUF,"PLN 280,86",Płyta,CAŁA,,2800,2070,Płyta laminowana,,,18,Kronospan,"https://azmproducts.plasmic.run/product/recZOBIPWXYBCvVUF, K520_SU_2800x2070_18"
recKSICuvyv4qDYRw,K521_SU_2800x2070_18,K521,SU,DYMIONA ZIELEŃ ,https://azmproducts.plasmic.run/product/recKSICuvyv4qDYRw,"PLN 280,86",Płyta,CAŁA,,2800,2070,Płyta laminowana,,,18,Kronospan,"https://azmproducts.plasmic.run/product/recKSICuvyv4qDYRw, K521_SU_2800x2070_18"
reckCGArqULUpTUOh,K522_PE_2800x2070_18,K522,PE,ALUMINIUM FLASH ,https://azmproducts.plasmic.run/product/reckCGArqULUpTUOh,"PLN 270,15",Płyta,CAŁA,,2800,2070,Płyta laminowana,,,18,Kronospan,"https://azmproducts.plasmic.run/product/reckCGArqULUpTUOh, K522_PE_2800x2070_18"
recctSLNMe76enh4b,K523_PE_2800x2070_18,K523,PE,PATINUM DISK ,https://azmproducts.plasmic.run/product/recctSLNMe76enh4b,"PLN 270,15",Płyta,CAŁA,,2800,2070,Płyta laminowana,,K523 PE,18,Kronospan,"https://azmproducts.plasmic.run/product/recctSLNMe76enh4b, K523_PE_2800x2070_18"
recgHK9ReG4YfKhrR,K680_PD_2800x2070_18,K680,PD,KAMIENNY BEŻ NOWOŚĆ,https://azmproducts.plasmic.run/product/recgHK9ReG4YfKhrR,"PLN 228,30",Płyta,CAŁA,,2800,2070,Płyta laminowana,checked,,18,Kronospan,"https://azmproducts.plasmic.run/product/recgHK9ReG4YfKhrR, K680_PD_2800x2070_18"
recYxBwCebqFSKNlT,K681_PD_2800x2070_18,K681,PD,ORZECH NOWOŚĆ,https://azmproducts.plasmic.run/product/recYxBwCebqFSKNlT,"PLN 228,30",Płyta,CAŁA,,2800,2070,Płyta laminowana,checked,,18,Kronospan,"https://azmproducts.plasmic.run/product/recYxBwCebqFSKNlT, K681_PD_2800x2070_18"
recUi57vFhcmKw16C,K682_PD_2800x2070_18,K682,PD,ALPACA NOWOŚĆ,https://azmproducts.plasmic.run/product/recUi57vFhcmKw16C,"PLN 228,30",Płyta,CAŁA,,2800,2070,Płyta laminowana,checked,,18,Kronospan,"https://azmproducts.plasmic.run/product/recUi57vFhcmKw16C, K682_PD_2800x2070_18"
recNrhqfnchMR3g6M,K683_PD_2800x2070_18,K683,PD,CAYENNE NOWOŚĆ,https://azmproducts.plasmic.run/product/recNrhqfnchMR3g6M,"PLN 228,30",Płyta,CAŁA,,2800,2070,Płyta laminowana,checked,,18,Kronospan,"https://azmproducts.plasmic.run/product/recNrhqfnchMR3g6M, K683_PD_2800x2070_18"
recE59STSniZhE39z,K684_PD_2800x2070_18,K684,PD,CZARNA TRUFLA,https://azmproducts.plasmic.run/product/recE59STSniZhE39z,"PLN 228,30",Płyta,CAŁA,,2800,2070,Płyta laminowana,checked,,18,Kronospan,"https://azmproducts.plasmic.run/product/recE59STSniZhE39z, K684_PD_2800x2070_18"
reccJngKqPSS4Ymun,K685_PD_2800x2070_18,K685,PD,STALOWY GRAFIT,https://azmproducts.plasmic.run/product/reccJngKqPSS4Ymun,"PLN 228,30",Płyta,CAŁA,,2800,2070,Płyta laminowana,checked,,18,Kronospan,"https://azmproducts.plasmic.run/product/reccJngKqPSS4Ymun, K685_PD_2800x2070_18"
rec1OewSXDs2ENTGc,K686_PD_2800x2070_18,K686,PD,PUDROWY RÓŻ,https://azmproducts.plasmic.run/product/rec1OewSXDs2ENTGc,"PLN 228,30",Płyta,CAŁA,,2800,2070,Płyta laminowana,checked,,18,Kronospan,"https://azmproducts.plasmic.run/product/rec1OewSXDs2ENTGc, K686_PD_2800x2070_18"
recDTbtuKFIGnpuaJ,K687_PD_2800x2070_18,K687,PD,CIEMNY LAS,https://azmproducts.plasmic.run/product/recDTbtuKFIGnpuaJ,"PLN 228,30",Płyta,CAŁA,,2800,2070,Płyta laminowana,checked,,18,Kronospan,"https://azmproducts.plasmic.run/product/recDTbtuKFIGnpuaJ, K687_PD_2800x2070_18"
recR4kWTQuoDEO5RV,0344_BS_2800x2070_18,0344,BS,WIŚNIA,https://azmproducts.plasmic.run/product/recR4kWTQuoDEO5RV,"PLN 243,72",Płyta,CAŁA,,2800,2070,Płyta laminowana,,,18,Kronospan,"https://azmproducts.plasmic.run/product/recR4kWTQuoDEO5RV, 0344_BS_2800x2070_18"
recHnvXf2isxN4vrh,0375_BS_2800x2070_18,0375,BS,KLON,https://azmproducts.plasmic.run/product/recHnvXf2isxN4vrh,"PLN 243,72",Płyta,CAŁA,,2800,2070,Płyta laminowana,,,18,Kronospan,"https://azmproducts.plasmic.run/product/recHnvXf2isxN4vrh, 0375_BS_2800x2070_18"
recmZdO1p8vWFlrHX,0381_BS_2800x2070_18,0381,BS,BUK BAVARIA,https://azmproducts.plasmic.run/product/recmZdO1p8vWFlrHX,"PLN 243,72",Płyta,PÓŁ,,2800,2070,Płyta laminowana,,,18,Kronospan,"https://azmproducts.plasmic.run/product/recmZdO1p8vWFlrHX, 0381_BS_2800x2070_18"
reclZ0iy3GPAJl3Ln,0729_BS_2800x2070_18,0729,BS,ORZECH,https://azmproducts.plasmic.run/product/reclZ0iy3GPAJl3Ln,"PLN 243,72",Płyta,CAŁA,,2800,2070,Płyta laminowana,,,18,Kronospan,"https://azmproducts.plasmic.run/product/reclZ0iy3GPAJl3Ln, 0729_BS_2800x2070_18"
recCjgnnGUp96je9B,0854_BS_2800x2070_18,0854,BS,WENGE,https://azmproducts.plasmic.run/product/recCjgnnGUp96je9B,"PLN 243,72",Płyta,CAŁA,,2800,2070,Płyta laminowana,,,18,Kronospan,"https://azmproducts.plasmic.run/product/recCjgnnGUp96je9B, 0854_BS_2800x2070_18"
rec336InZ7HqcE7uO,1715_BS_2800x2070_18,1715,BS,BRZOZA,https://azmproducts.plasmic.run/product/rec336InZ7HqcE7uO,"PLN 243,72",Płyta,CAŁA,,2800,2070,Płyta laminowana,,,18,Kronospan,"https://azmproducts.plasmic.run/product/rec336InZ7HqcE7uO, 1715_BS_2800x2070_18"
recvBdOWS5M4r50xj,1912_BS_2800x2070_18,1912,BS,OLCHA,https://azmproducts.plasmic.run/product/recvBdOWS5M4r50xj,"PLN 243,72",Płyta,CAŁA,,2800,2070,Płyta laminowana,,,18,Kronospan,"https://azmproducts.plasmic.run/product/recvBdOWS5M4r50xj, 1912_BS_2800x2070_18"
rec1baEWqtdpd7HzQ,2737_PW_2800x2070_18,2737,PW,DĄB CREMONA TERRACOTTA NOWOŚĆ,https://azmproducts.plasmic.run/product/rec1baEWqtdpd7HzQ,"PLN 188,18",Płyta,CAŁA,,2800,2070,Płyta laminowana,checked,,18,Kronospan,"https://azmproducts.plasmic.run/product/rec1baEWqtdpd7HzQ, 2737_PW_2800x2070_18"
recmW1cGn2NL6zmIf,2738_PW_2800x2070_18,2738,PW,DĄB CREMONA TORRO,https://azmproducts.plasmic.run/product/recmW1cGn2NL6zmIf,"PLN 188,18",Płyta,CAŁA,,2800,2070,Płyta laminowana,checked,2738 FP,18,Kronospan,"https://azmproducts.plasmic.run/product/recmW1cGn2NL6zmIf, 2738_PW_2800x2070_18"
recfx21BPZWETYJ6G,2739_PW_2800x2070_18,2739,PW,DĄB CREMONA CANOLLO,https://azmproducts.plasmic.run/product/recfx21BPZWETYJ6G,"PLN 188,18",Płyta,CAŁA,,2800,2070,Płyta laminowana,checked,,18,Kronospan,"https://azmproducts.plasmic.run/product/recfx21BPZWETYJ6G, 2739_PW_2800x2070_18"
recYDH9IWjwbICoGd,3025_SN/PS_2800x2070_18,3025,SN/PS,DĄB SONOMA JASNY,https://azmproducts.plasmic.run/product/recYDH9IWjwbICoGd,"PLN 243,72",Płyta,PÓŁ,,2800,2070,Płyta laminowana,,3025 WO,18,Kronospan,"https://azmproducts.plasmic.run/product/recYDH9IWjwbICoGd, 3025_SN/PS_2800x2070_18"
rec8a4jMjxqIKImfk,5194_SN_2800x2070_18,5194,SN,DĄB TRUFLOWY,https://azmproducts.plasmic.run/product/rec8a4jMjxqIKImfk,"PLN 243,72",Płyta,CAŁA,,2800,2070,Płyta laminowana,,,18,Kronospan,"https://azmproducts.plasmic.run/product/rec8a4jMjxqIKImfk, 5194_SN_2800x2070_18"
rectUbadZfVIsjbeq,5307_LN_2800x2070_18,5307,LN,DĄB ARTISAN ,https://azmproducts.plasmic.run/product/rectUbadZfVIsjbeq,"PLN 243,72",Płyta,CAŁA,,2800,2070,Płyta laminowana,,,18,Kronospan,"https://azmproducts.plasmic.run/product/rectUbadZfVIsjbeq, 5307_LN_2800x2070_18"
recjjLxhEzxSPGmiH,5402_PS_2800x2070_18,5402,PS,DĄB WOTAN ,https://azmproducts.plasmic.run/product/recjjLxhEzxSPGmiH,"PLN 243,72",Płyta,PÓŁ,,2800,2070,Płyta laminowana,,5402 WO,18,Kronospan,"https://azmproducts.plasmic.run/product/recjjLxhEzxSPGmiH, 5402_PS_2800x2070_18"
rec7tF6FOFBTu8o21,8921_BS_2800x2070_18,8921,BS,DĄB FERRARA,https://azmproducts.plasmic.run/product/rec7tF6FOFBTu8o21,"PLN 243,72",Płyta,CAŁA,,2800,2070,Płyta laminowana,,,18,Kronospan,"https://azmproducts.plasmic.run/product/rec7tF6FOFBTu8o21, 8921_BS_2800x2070_18"
rec31hbLOHPRAPzOE,8953_SU_2800x2070_18,8953,SU,ORZECH TIEPOLO,https://azmproducts.plasmic.run/product/rec31hbLOHPRAPzOE,"PLN 254,40",Płyta,CAŁA,,2800,2070,Płyta laminowana,,,18,Kronospan,"https://azmproducts.plasmic.run/product/rec31hbLOHPRAPzOE, 8953_SU_2800x2070_18"
recegm4WWn0jcH3uK,9614_BS_2800x2070_18,9614,BS,ORZECH LYON,https://azmproducts.plasmic.run/product/recegm4WWn0jcH3uK,"PLN 243,72",Płyta,CAŁA,,2800,2070,Płyta laminowana,,,18,Kronospan,"https://azmproducts.plasmic.run/product/recegm4WWn0jcH3uK, 9614_BS_2800x2070_18"
recsnByF3duw0pWWa,9763_BS_2800x2070_18,9763,BS,WENGE LUIZIANA,https://azmproducts.plasmic.run/product/recsnByF3duw0pWWa,"PLN 243,72",Płyta,CAŁA,,2800,2070,Płyta laminowana,,,18,Kronospan,"https://azmproducts.plasmic.run/product/recsnByF3duw0pWWa, 9763_BS_2800x2070_18"
recFSSxjjzUe4f5vF,K688_PW_2800x2070_18,K688,PW,DĄB CANELLA NATURALNY,https://azmproducts.plasmic.run/product/recFSSxjjzUe4f5vF,"PLN 227,63",Płyta,CAŁA,,2800,2070,Płyta laminowana,checked,,18,Kronospan,"https://azmproducts.plasmic.run/product/recFSSxjjzUe4f5vF, K688_PW_2800x2070_18"
recnc5azLDX9fDlWL,K689_PW_2800x2070_18,K689,PW,DĄB CANELLA ŁUPKOWY,https://azmproducts.plasmic.run/product/recnc5azLDX9fDlWL,"PLN 227,63",Płyta,CAŁA,,2800,2070,Płyta laminowana,checked,,18,Kronospan,"https://azmproducts.plasmic.run/product/recnc5azLDX9fDlWL, K689_PW_2800x2070_18"
reckYQqlleSzHyrt2,5500_SU_2800x2070_18,5500,SU,WIĄZ SZLACHETNY,https://azmproducts.plasmic.run/product/reckYQqlleSzHyrt2,"PLN 281,51",Płyta,CAŁA,,2800,2070,Płyta laminowana,,,18,Kronospan,"https://azmproducts.plasmic.run/product/reckYQqlleSzHyrt2, 5500_SU_2800x2070_18"
rec7xEuQqkCehBal3,5529_SN_2800x2070_18,5529,SN,DĄB SKALNY OREGON,https://azmproducts.plasmic.run/product/rec7xEuQqkCehBal3,"PLN 270,81",Płyta,CAŁA,,2800,2070,Płyta laminowana,,,18,Kronospan,"https://azmproducts.plasmic.run/product/rec7xEuQqkCehBal3, 5529_SN_2800x2070_18"
recXY04O6QOzKoxDg,7648_SN_2800x2070_18,7648,SN,ARUSHA WENGE,https://azmproducts.plasmic.run/product/recXY04O6QOzKoxDg,"PLN 270,81",Płyta,CAŁA,,2800,2070,Płyta laminowana,,,18,Kronospan,"https://azmproducts.plasmic.run/product/recXY04O6QOzKoxDg, 7648_SN_2800x2070_18"
rec5iD57UXWFFI5Eg,8431_SN_2800x2070_18,8431,SN,DĄB NAGANO,https://azmproducts.plasmic.run/product/rec5iD57UXWFFI5Eg,"PLN 270,81",Płyta,PÓŁ,,2800,2070,Płyta laminowana,,,18,Kronospan,"https://azmproducts.plasmic.run/product/rec5iD57UXWFFI5Eg, 8431_SN_2800x2070_18"
recxcfJAMUi9EHHqg,8548_SN_2800x2070_18,8548,SN,FINELINE MOCCA,https://azmproducts.plasmic.run/product/recxcfJAMUi9EHHqg,"PLN 281,51",Płyta,CAŁA,,2800,2070,Płyta laminowana,,,18,Kronospan,"https://azmproducts.plasmic.run/product/recxcfJAMUi9EHHqg, 8548_SN_2800x2070_18"
recJOykhC8NdmGarL,8995_SN_2800x2070_18,8995,SN,COCO BOLO,https://azmproducts.plasmic.run/product/recJOykhC8NdmGarL,"PLN 270,81",Płyta,CAŁA,,2800,2070,Płyta laminowana,,,18,Kronospan,"https://azmproducts.plasmic.run/product/recJOykhC8NdmGarL, 8995_SN_2800x2070_18"
recm4NoReBlN5oRcJ,K001_PW_2800x2070_18,K001,PW,DĄB CRAFT BIAŁY,https://azmproducts.plasmic.run/product/recm4NoReBlN5oRcJ,"PLN 215,19",Płyta,PÓŁ,,2800,2070,Płyta laminowana,,,18,Kronospan,"https://azmproducts.plasmic.run/product/recm4NoReBlN5oRcJ, K001_PW_2800x2070_18"
recBWf2tx2O1QewkC,K002_PW_2800x2070_18,K002,PW,DĄB CRAFT SZARY,https://azmproducts.plasmic.run/product/recBWf2tx2O1QewkC,"PLN 215,19",Płyta,CAŁA,,2800,2070,Płyta laminowana,,K002 FP,18,Kronospan,"https://azmproducts.plasmic.run/product/recBWf2tx2O1QewkC, K002_PW_2800x2070_18"
recEjsbBpVS9UTW8u,K003_PW_2800x2070_18,K003,PW,DĄB CRAFT ZŁOTY,https://azmproducts.plasmic.run/product/recEjsbBpVS9UTW8u,"PLN 270,81",Płyta,PASY,,2800,2070,Płyta laminowana,,K003 FP,18,Kronospan,"https://azmproducts.plasmic.run/product/recEjsbBpVS9UTW8u, K003_PW_2800x2070_18"
recPMM1P2mW0T47SS,K004_PW_2800x2070_18,K004,PW,DĄB CRAFT TOBACCO,https://azmproducts.plasmic.run/product/recPMM1P2mW0T47SS,"PLN 270,81",Płyta,CAŁA,,2800,2070,Płyta laminowana,,,18,Kronospan,"https://azmproducts.plasmic.run/product/recPMM1P2mW0T47SS, K004_PW_2800x2070_18"
recGFko6sQXRoIq78,K005_PW_2800x2070_18,K005,PW,DĄB URBAN OYSTER,https://azmproducts.plasmic.run/product/recGFko6sQXRoIq78,"PLN 270,81",Płyta,CAŁA,,2800,2070,Płyta laminowana,,,18,Kronospan,"https://azmproducts.plasmic.run/product/recGFko6sQXRoIq78, K005_PW_2800x2070_18"
recJgZ0MZtZXbp6Dt,K006_PW_2800x2070_18,K006,PW,DĄB URBAN BURSZTYNOWY,https://azmproducts.plasmic.run/product/recJgZ0MZtZXbp6Dt,"PLN 270,81",Płyta,PÓŁ,,2800,2070,Płyta laminowana,,,18,Kronospan,"https://azmproducts.plasmic.run/product/recJgZ0MZtZXbp6Dt, K006_PW_2800x2070_18"
recJcLFQ7rSrKOvOL,K007_PW_2800x2070_18,K007,PW,DĄB URBAN KAWOWY,https://azmproducts.plasmic.run/product/recJcLFQ7rSrKOvOL,"PLN 270,81",Płyta,CAŁA,,2800,2070,Płyta laminowana,,,18,Kronospan,"https://azmproducts.plasmic.run/product/recJcLFQ7rSrKOvOL, K007_PW_2800x2070_18"
rec0Bmd52YvdDo0JB,K008_PW_2800x2070_18,K008,PW,ORZECH SELECT JASNY,https://azmproducts.plasmic.run/product/rec0Bmd52YvdDo0JB,"PLN 270,81",Płyta,CAŁA,,2800,2070,Płyta laminowana,,,18,Kronospan,"https://azmproducts.plasmic.run/product/rec0Bmd52YvdDo0JB, K008_PW_2800x2070_18"
recEl7js30ewlG8AT,K009_PW_2800x2070_18,K009,PW,ORZECH SELECT CIEMNY,https://azmproducts.plasmic.run/product/recEl7js30ewlG8AT,"PLN 270,81",Płyta,CAŁA,,2800,2070,Płyta laminowana,,,18,Kronospan,"https://azmproducts.plasmic.run/product/recEl7js30ewlG8AT, K009_PW_2800x2070_18"
rec0odXZbAFoZ02HR,K010_SN_2800x2070_18,K010,SN,SOSNA LOFT BIAŁA,https://azmproducts.plasmic.run/product/rec0odXZbAFoZ02HR,"PLN 270,81",Płyta,CAŁA,,2800,2070,Płyta laminowana,,,18,Kronospan,"https://azmproducts.plasmic.run/product/rec0odXZbAFoZ02HR, K010_SN_2800x2070_18"
recoJiPFRYspWsf5l,K012_SU_2800x2070_18,K012,SU,BUK ARTISAN PERŁOWY,https://azmproducts.plasmic.run/product/recoJiPFRYspWsf5l,"PLN 270,81",Płyta,PÓŁ,,2800,2070,Płyta laminowana,,,18,Kronospan,"https://azmproducts.plasmic.run/product/recoJiPFRYspWsf5l, K012_SU_2800x2070_18"
recaOZq6tuNHiLVhF,K013 _SU_2800x2070_18,K013 ,SU,BUK ARTISAN PIASKOWY,https://azmproducts.plasmic.run/product/recaOZq6tuNHiLVhF,"PLN 270,81",Płyta,PÓŁ,,2800,2070,Płyta laminowana,,K013 SU,18,Kronospan,"https://azmproducts.plasmic.run/product/recaOZq6tuNHiLVhF, K013 _SU_2800x2070_18"
recS1P1TAE6Hl5Sot,K015_PW_2800x2070_18,K015,PW,VINTAGE MARINE WOOD,https://azmproducts.plasmic.run/product/recS1P1TAE6Hl5Sot,"PLN 270,81",Płyta,CAŁA,,2800,2070,Płyta laminowana,,,18,Kronospan,"https://azmproducts.plasmic.run/product/recS1P1TAE6Hl5Sot, K015_PW_2800x2070_18"
recaEpEoEtiA0Y6cX,K016_PW_2800x2070_18,K016,PW,CARBON MARINE WOOD,https://azmproducts.plasmic.run/product/recaEpEoEtiA0Y6cX,"PLN 270,81",Płyta,CAŁA,,2800,2070,Płyta laminowana,,K016 SU,18,Kronospan,"https://azmproducts.plasmic.run/product/recaEpEoEtiA0Y6cX, K016_PW_2800x2070_18"
recj56H3xjM7W3RRc,K017 _PW_2800x2070_18,K017 ,PW,WIĄZ LIBERTY JASNY,https://azmproducts.plasmic.run/product/recj56H3xjM7W3RRc,"PLN 270,81",Płyta,PÓŁ,,2800,2070,Płyta laminowana,,,18,Kronospan,"https://azmproducts.plasmic.run/product/recj56H3xjM7W3RRc, K017 _PW_2800x2070_18"
recRdoEXA9cKPSp9U,K018_PW_2800x2070_18,K018,PW,WIĄZ LIBERTY DYMIONY,https://azmproducts.plasmic.run/product/recRdoEXA9cKPSp9U,"PLN 270,81",Płyta,PÓŁ,,2800,2070,Płyta laminowana,,,18,Kronospan,"https://azmproducts.plasmic.run/product/recRdoEXA9cKPSp9U, K018_PW_2800x2070_18"
rec5OoBuSiHf29ibD,K019_PW_2800x2070_18,K019,PW,WIĄZ LIBERTY SREBRNY,https://azmproducts.plasmic.run/product/rec5OoBuSiHf29ibD,"PLN 270,81",Płyta,PÓŁ,,2800,2070,Płyta laminowana,,,18,Kronospan,"https://azmproducts.plasmic.run/product/rec5OoBuSiHf29ibD, K019_PW_2800x2070_18"
recUiD1nhFvMdU41W,K020_PW_2800x2070_18,K020,PW,ORZECH SELECT CIEPŁY,https://azmproducts.plasmic.run/product/recUiD1nhFvMdU41W,"PLN 270,81",Płyta,PÓŁ,,2800,2070,Płyta laminowana,,,18,Kronospan,"https://azmproducts.plasmic.run/product/recUiD1nhFvMdU41W, K020_PW_2800x2070_18"
recCj6UHXdbGVEbuc,K076_PW_2800x2070_18,K076,PW,DĄB PIASKOWANY,https://azmproducts.plasmic.run/product/recCj6UHXdbGVEbuc,"PLN 270,81",Płyta,CAŁA,,2800,2070,Płyta laminowana,,,18,Kronospan,"https://azmproducts.plasmic.run/product/recCj6UHXdbGVEbuc, K076_PW_2800x2070_18"
recXfKLfDXqlrdFRU,K078_PW_2800x2070_18,K078,PW,WIŚNIA RIVERSIDE CIEMNA,https://azmproducts.plasmic.run/product/recXfKLfDXqlrdFRU,"PLN 270,81",Płyta,CAŁA,,2800,2070,Płyta laminowana,,,18,Kronospan,"https://azmproducts.plasmic.run/product/recXfKLfDXqlrdFRU, K078_PW_2800x2070_18"
recGjPpMvIoaZ8gx9,K079_PW_2800x2070_18,K079,PW,DĄB CLUBHOUSE SZARY,https://azmproducts.plasmic.run/product/recGjPpMvIoaZ8gx9,"PLN 270,81",Płyta,CAŁA,,2800,2070,Płyta laminowana,,,18,Kronospan,"https://azmproducts.plasmic.run/product/recGjPpMvIoaZ8gx9, K079_PW_2800x2070_18"
rec39fJDK4IZrF26R,K080_PW_2800x2070_18,K080,PW,DĄB COASTLAND BIAŁY,https://azmproducts.plasmic.run/product/rec39fJDK4IZrF26R,"PLN 270,81",Płyta,CAŁA,,2800,2070,Płyta laminowana,,,18,Kronospan,"https://azmproducts.plasmic.run/product/rec39fJDK4IZrF26R, K080_PW_2800x2070_18"
recbj700QJuneWl7c,K081_PW_2800x2070_18,K081,PW,DĄB COASTLAND SZAMPAŃSKI,https://azmproducts.plasmic.run/product/recbj700QJuneWl7c,"PLN 270,81",Płyta,CAŁA,,2800,2070,Płyta laminowana,,,18,Kronospan,"https://azmproducts.plasmic.run/product/recbj700QJuneWl7c, K081_PW_2800x2070_18"
recDcc8iZ2tGVl5TH,K082_PW_2800x2070_18,K082,PW,DĄB BURBON,https://azmproducts.plasmic.run/product/recDcc8iZ2tGVl5TH,"PLN 270,81",Płyta,CAŁA,,2800,2070,Płyta laminowana,,,18,Kronospan,"https://azmproducts.plasmic.run/product/recDcc8iZ2tGVl5TH, K082_PW_2800x2070_18"
recQDQKXnrGgtv8uI,K088_PW_2800x2070_18,K088,PW,DREWNO NORDYCKIE BIAŁE,https://azmproducts.plasmic.run/product/recQDQKXnrGgtv8uI,"PLN 270,81",Płyta,CAŁA,,2800,2070,Płyta laminowana,,,18,Kronospan,"https://azmproducts.plasmic.run/product/recQDQKXnrGgtv8uI, K088_PW_2800x2070_18"
rec1qcvO95AMcZOOk,K089_PW_2800x2070_18,K089,PW,DREWNO NORDYCKIE SZARE,https://azmproducts.plasmic.run/product/rec1qcvO95AMcZOOk,"PLN 270,81",Płyta,CAŁA,,2800,2070,Płyta laminowana,,,18,Kronospan,"https://azmproducts.plasmic.run/product/rec1qcvO95AMcZOOk, K089_PW_2800x2070_18"
rec128TG8LoTNTa2a,K090_PW_2800x2070_18,K090,PW,DĄB BRĄZOWY,https://azmproducts.plasmic.run/product/rec128TG8LoTNTa2a,"PLN 270,81",Płyta,CAŁA,,2800,2070,Płyta laminowana,,,18,Kronospan,"https://azmproducts.plasmic.run/product/rec128TG8LoTNTa2a, K090_PW_2800x2070_18"
recwrQGJFAR9EsGCk,K365_PW_2800x2070_18,K365,PW,DĄB EVOKE PRZYBRZEŻNY ,https://azmproducts.plasmic.run/product/recwrQGJFAR9EsGCk,"PLN 201,78",Płyta,PÓŁ,,2800,2070,Płyta laminowana,,SE K365 FP,18,Kronospan,"https://azmproducts.plasmic.run/product/recwrQGJFAR9EsGCk, K365_PW_2800x2070_18"
recYODF3F2rNFnUHj,K366_PW_2800x2070_18,K366,PW,DĄB EVOKE KAMIENNY ,https://azmproducts.plasmic.run/product/recYODF3F2rNFnUHj,"PLN 270,81",Płyta,CAŁA,,2800,2070,Płyta laminowana,,,18,Kronospan,"https://azmproducts.plasmic.run/product/recYODF3F2rNFnUHj, K366_PW_2800x2070_18"
recNpZtu6YpxFbxn5,4298_SU_2800x2070_18,4298,SU,JASNY ATELIER,https://azmproducts.plasmic.run/product/recNpZtu6YpxFbxn5,"PLN 276,88",Płyta,CAŁA,,2800,2070,Płyta laminowana,,4298 UE,18,Kronospan,"https://azmproducts.plasmic.run/product/recNpZtu6YpxFbxn5, 4298_SU_2800x2070_18"
rec4dlW25b0MQ5uBB,4299_SU_2800x2070_18,4299,SU,CIEMNY ATELIER,https://azmproducts.plasmic.run/product/rec4dlW25b0MQ5uBB,"PLN 289,95",Płyta,CAŁA,,2800,2070,Płyta laminowana,,4299 UE,18,Kronospan,"https://azmproducts.plasmic.run/product/rec4dlW25b0MQ5uBB, 4299_SU_2800x2070_18"
rec0tfQa6ukPhtyHD,5501_SN_2800x2070_18,5501,SN,DĄB SŁAWONIA,https://azmproducts.plasmic.run/product/rec0tfQa6ukPhtyHD,"PLN 289,95",Płyta,CAŁA,,2800,2070,Płyta laminowana,,,18,Kronospan,"https://azmproducts.plasmic.run/product/rec0tfQa6ukPhtyHD, 5501_SN_2800x2070_18"
rec4SuTaDZGBzYVA6,5527_SN_2800x2070_18,5527,SN,DĄB KAMIENNY,https://azmproducts.plasmic.run/product/rec4SuTaDZGBzYVA6,"PLN 289,95",Płyta,PÓŁ,,2800,2070,Płyta laminowana,,5527 FP,18,Kronospan,"https://azmproducts.plasmic.run/product/rec4SuTaDZGBzYVA6, 5527_SN_2800x2070_18"
recRDWj1g2aWCwqcn,K021_SN_2800x2070_18,K021,SN,BLACKWOOD JĘCZMIENNY,https://azmproducts.plasmic.run/product/recRDWj1g2aWCwqcn,"PLN 289,95",Płyta,PÓŁ,,2800,2070,Płyta laminowana,,,18,Kronospan,"https://azmproducts.plasmic.run/product/recRDWj1g2aWCwqcn, K021_SN_2800x2070_18"
recaIRrmkGJUZK1uA,K022_SN_2800x2070_18,K022,SN,BLACKWOOD SATYNOWY,https://azmproducts.plasmic.run/product/recaIRrmkGJUZK1uA,"PLN 289,95",Płyta,PÓŁ,,2800,2070,Płyta laminowana,,,18,Kronospan,"https://azmproducts.plasmic.run/product/recaIRrmkGJUZK1uA, K022_SN_2800x2070_18"
recFXsqpGnFMLgfKy,K083_SN_2800x2070_18,K083,SN,JASNY ARTWOOD,https://azmproducts.plasmic.run/product/recFXsqpGnFMLgfKy,"PLN 289,95",Płyta,CAŁA,,2800,2070,Płyta laminowana,,,18,Kronospan,"https://azmproducts.plasmic.run/product/recFXsqpGnFMLgfKy, K083_SN_2800x2070_18"
reckSRiEZaEmXHjLx,K084_SN_2800x2070_18,K084,SN,CIEMNY ARTWOOD,https://azmproducts.plasmic.run/product/reckSRiEZaEmXHjLx,"PLN 289,95",Płyta,CAŁA,,2800,2070,Płyta laminowana,,,18,Kronospan,"https://azmproducts.plasmic.run/product/reckSRiEZaEmXHjLx, K084_SN_2800x2070_18"
recAy79kts4THo3T9,K085_PW_2800x2070_18,K085,PW,ORZECH ROCKFORD JASNY,https://azmproducts.plasmic.run/product/recAy79kts4THo3T9,"PLN 289,95",Płyta,CAŁA,,2800,2070,Płyta laminowana,,,18,Kronospan,"https://azmproducts.plasmic.run/product/recAy79kts4THo3T9, K085_PW_2800x2070_18"
rec1vXbTuDMTMlkAa,K086_PW_2800x2070_18,K086,PW,ORZECH ROCKFORD NATURALNY,https://azmproducts.plasmic.run/product/rec1vXbTuDMTMlkAa,"PLN 289,95",Płyta,PÓŁ,,2800,2070,Płyta laminowana,,,18,Kronospan,"https://azmproducts.plasmic.run/product/rec1vXbTuDMTMlkAa, K086_PW_2800x2070_18"
recmPnFIszq971yQL,K087_PW_2800x2070_18,K087,PW,ORZECH ROCKFORD CIEMNY,https://azmproducts.plasmic.run/product/recmPnFIszq971yQL,"PLN 289,95",Płyta,CAŁA,,2800,2070,Płyta laminowana,,,18,Kronospan,"https://azmproducts.plasmic.run/product/recmPnFIszq971yQL, K087_PW_2800x2070_18"
recaum1wMBwSrcxQQ,K105_PW_2800x2070_18,K105,PW,DĄB SUROWY,https://azmproducts.plasmic.run/product/recaum1wMBwSrcxQQ,"PLN 289,95",Płyta,CAŁA,,2800,2070,Płyta laminowana,,SE K105 FP,18,Kronospan,"https://azmproducts.plasmic.run/product/recaum1wMBwSrcxQQ, K105_PW_2800x2070_18"
recqWlsPAh0GAkMtX,K107_PW_2800x2070_18,K107,PW,DĄB ELEGANCE,https://azmproducts.plasmic.run/product/recqWlsPAh0GAkMtX,"PLN 289,95",Płyta,CAŁA,,2800,2070,Płyta laminowana,,SE K107 FP,18,Kronospan,"https://azmproducts.plasmic.run/product/recqWlsPAh0GAkMtX, K107_PW_2800x2070_18"
recPKoOhPIE4lkXDv,K354_PW_2800x2070_18,K354,PW,DĄB GRANGE KOLONIALNY ,https://azmproducts.plasmic.run/product/recPKoOhPIE4lkXDv,"PLN 289,95",Płyta,CAŁA,,2800,2070,Płyta laminowana,,,18,Kronospan,"https://azmproducts.plasmic.run/product/recPKoOhPIE4lkXDv, K354_PW_2800x2070_18"
reccrbn59OT9TyLEL,K355_PW_2800x2070_18,K355,PW,DĄB GRANGE PLATYNOWY ,https://azmproducts.plasmic.run/product/reccrbn59OT9TyLEL,"PLN 289,95",Płyta,CAŁA,,2800,2070,Płyta laminowana,,,18,Kronospan,"https://azmproducts.plasmic.run/product/reccrbn59OT9TyLEL, K355_PW_2800x2070_18"
recjiENQV17a16H7R,K356_PW_2800x2070_18,K356,PW,DĄB GRANAGE PIASKOWY ,https://azmproducts.plasmic.run/product/recjiENQV17a16H7R,"PLN 289,95",Płyta,CAŁA,,2800,2070,Płyta laminowana,,,18,Kronospan,"https://azmproducts.plasmic.run/product/recjiENQV17a16H7R, K356_PW_2800x2070_18"
rec1MNlw5AwZSLC8S,K357_PW_2800x2070_18,K357,PW,DĄB CASTELLO SZARY ,https://azmproducts.plasmic.run/product/rec1MNlw5AwZSLC8S,"PLN 289,95",Płyta,CAŁA,,2800,2070,Płyta laminowana,,,18,Kronospan,"https://azmproducts.plasmic.run/product/rec1MNlw5AwZSLC8S, K357_PW_2800x2070_18"
recxJBXOVnsNgwMkS,K358_PW_2800x2070_18,K358,PW,DĄB CASTELLO MIODOWY ,https://azmproducts.plasmic.run/product/recxJBXOVnsNgwMkS,"PLN 289,95",Płyta,PÓŁ,,2800,2070,Płyta laminowana,,,18,Kronospan,"https://azmproducts.plasmic.run/product/recxJBXOVnsNgwMkS, K358_PW_2800x2070_18"
recMCVsa41Tm1DTqt,K359_PW_2800x2070_18,K359,PW,DĄB CASTELLO KONIAKOWY ,https://azmproducts.plasmic.run/product/recMCVsa41Tm1DTqt,"PLN 289,95",Płyta,CAŁA,,2800,2070,Płyta laminowana,,,18,Kronospan,"https://azmproducts.plasmic.run/product/recMCVsa41Tm1DTqt, K359_PW_2800x2070_18"
recwKYjDhHKTKBlpI,K360_PW_2800x2070_18,K360,PW,DĄB HARBOR VINTAGE ,https://azmproducts.plasmic.run/product/recwKYjDhHKTKBlpI,"PLN 289,95",Płyta,CAŁA,,2800,2070,Płyta laminowana,,,18,Kronospan,"https://azmproducts.plasmic.run/product/recwKYjDhHKTKBlpI, K360_PW_2800x2070_18"
reclZQSBdBwpAnlWZ,K361_PW_2800x2070_18,K361,PW,DĄB HARBOR ZŁOTY ,https://azmproducts.plasmic.run/product/reclZQSBdBwpAnlWZ,"PLN 289,95",Płyta,PÓŁ,,2800,2070,Płyta laminowana,,,18,Kronospan,"https://azmproducts.plasmic.run/product/reclZQSBdBwpAnlWZ, K361_PW_2800x2070_18"
recKTto4SStA4gCxS,K524_SN_2800x2070_18,K524,SN,JESION SURFSIDE ,https://azmproducts.plasmic.run/product/recKTto4SStA4gCxS,"PLN 289,95",Płyta,CAŁA,,2800,2070,Płyta laminowana,,,18,Kronospan,"https://azmproducts.plasmic.run/product/recKTto4SStA4gCxS, K524_SN_2800x2070_18"
recXz0XWnGVfQBGgE,K525_SN_2800x2070_18,K525,SN,JESION SURFSIDE JASNY ,https://azmproducts.plasmic.run/product/recXz0XWnGVfQBGgE,"PLN 289,95",Płyta,CAŁA,,2800,2070,Płyta laminowana,,,18,Kronospan,"https://azmproducts.plasmic.run/product/recXz0XWnGVfQBGgE, K525_SN_2800x2070_18"
recSAdcoqIGOg820k,K526_SN_2800x2070_18,K526,SN,JESION SURFSIDE STALOWA ,https://azmproducts.plasmic.run/product/recSAdcoqIGOg820k,"PLN 289,95",Płyta,CAŁA,,2800,2070,Płyta laminowana,,,18,Kronospan,"https://azmproducts.plasmic.run/product/recSAdcoqIGOg820k, K526_SN_2800x2070_18"
reclFgJvcqRG84751,K535_RW_2800x2070_18,K535,RW,DĄB BAROKOWY ZŁOTY ,https://azmproducts.plasmic.run/product/reclFgJvcqRG84751,"PLN 289,95",Płyta,PÓŁ,,2800,2070,Płyta laminowana,,SE K535 RW,18,Kronospan,"https://azmproducts.plasmic.run/product/reclFgJvcqRG84751, K535_RW_2800x2070_18"
recrnTWcAOechYFT4,K536_RW_2800x2070_18,K536,RW,DĄB BAROKOWY BURSZTYNOWY,https://azmproducts.plasmic.run/product/recrnTWcAOechYFT4,"PLN 289,95",Płyta,CAŁA,,2800,2070,Płyta laminowana,,SE K536 RW,18,Kronospan,"https://azmproducts.plasmic.run/product/recrnTWcAOechYFT4, K536_RW_2800x2070_18"
recLZdTMXLkase68s,K537_RW_2800x2070_18,K537,RW,DĄB BAROKOWY RISTRETTO,https://azmproducts.plasmic.run/product/recLZdTMXLkase68s,"PLN 289,95",Płyta,CAŁA,,2800,2070,Płyta laminowana,,SE K537 RW,18,Kronospan,"https://azmproducts.plasmic.run/product/recLZdTMXLkase68s, K537_RW_2800x2070_18"
recE5Y4CUMgsboAwv,K541_PN_2800x2070_18,K541,PN,JUTA JASNA,https://azmproducts.plasmic.run/product/recE5Y4CUMgsboAwv,"PLN 289,95",Płyta,CAŁA,,2800,2070,Płyta laminowana,,,18,Kronospan,"https://azmproducts.plasmic.run/product/recE5Y4CUMgsboAwv, K541_PN_2800x2070_18"
recLDGN5ElreWHgQ4,K542_PN_2800x2070_18,K542,PN,JUTA CIEMNA ,https://azmproducts.plasmic.run/product/recLDGN5ElreWHgQ4,"PLN 289,95",Płyta,CAŁA,,2800,2070,Płyta laminowana,,,18,Kronospan,"https://azmproducts.plasmic.run/product/recLDGN5ElreWHgQ4, K542_PN_2800x2070_18"
recAB9Rg0xkihLvzk,K543_SN_2800x2070_18,K543,SN,DĄB BARBERA PIASKOWY ,https://azmproducts.plasmic.run/product/recAB9Rg0xkihLvzk,"PLN 289,95",Płyta,CAŁA,,2800,2070,Płyta laminowana,,,18,Kronospan,"https://azmproducts.plasmic.run/product/recAB9Rg0xkihLvzk, K543_SN_2800x2070_18"
rechp7iMbenJUOCm3,K544_RW_2800x2070_18,K544,RW,DĄB SILVERJACK ORZECHOWY ,https://azmproducts.plasmic.run/product/rechp7iMbenJUOCm3,"PLN 289,95",Płyta,PÓŁ,,2800,2070,Płyta laminowana,,SE K544 RW,18,Kronospan,"https://azmproducts.plasmic.run/product/rechp7iMbenJUOCm3, K544_RW_2800x2070_18"
reckX2jD3Qz0goyOb,K545_RW_2800x2070_18,K545,RW,DĄB SILVERJACK POSTARZANY ,https://azmproducts.plasmic.run/product/reckX2jD3Qz0goyOb,"PLN 289,95",Płyta,CAŁA,,2800,2070,Płyta laminowana,,SE K545 RW,18,Kronospan,"https://azmproducts.plasmic.run/product/reckX2jD3Qz0goyOb, K545_RW_2800x2070_18"
recP4nvniOTnUCkq3,K546_RW_2800x2070_18,K546,RW,ORZECH FRANKLIN KARMELOWY ,https://azmproducts.plasmic.run/product/recP4nvniOTnUCkq3,"PLN 289,95",Płyta,CAŁA,,2800,2070,Płyta laminowana,,,18,Kronospan,"https://azmproducts.plasmic.run/product/recP4nvniOTnUCkq3, K546_RW_2800x2070_18"
recHbVaBNAhgWFF03,K547_RW_2800x2070_18,K547,RW,ORZECH FRANKLIN TOBACCO ,https://azmproducts.plasmic.run/product/recHbVaBNAhgWFF03,"PLN 289,95",Płyta,CAŁA,,2800,2070,Płyta laminowana,,,18,Kronospan,"https://azmproducts.plasmic.run/product/recHbVaBNAhgWFF03, K547_RW_2800x2070_18"
rec4djV1jWkue5mCV,K548_RW_2800x2070_18,K548,RW,JESION KALA DYMIONY ,https://azmproducts.plasmic.run/product/rec4djV1jWkue5mCV,"PLN 289,95",Płyta,CAŁA,,2800,2070,Płyta laminowana,,,18,Kronospan,"https://azmproducts.plasmic.run/product/rec4djV1jWkue5mCV, K548_RW_2800x2070_18"
recBk4zWUoRQJsN4a,K349_RT_2800x2070_18,K349,RT,BETON JASNY,https://azmproducts.plasmic.run/product/recBk4zWUoRQJsN4a,"PLN 331,41",Płyta,CAŁA,,2800,2070,Płyta laminowana,,SE K349 RT,18,Kronospan,"https://azmproducts.plasmic.run/product/recBk4zWUoRQJsN4a, K349_RT_2800x2070_18"
recKw7gC3APWG5uKx,K350_RT_2800x2070_18,K350,RT,BETON ,https://azmproducts.plasmic.run/product/recKw7gC3APWG5uKx,"PLN 331,41",Płyta,CAŁA,,2800,2070,Płyta laminowana,,SE K350 RT,18,Kronospan,"https://azmproducts.plasmic.run/product/recKw7gC3APWG5uKx, K350_RT_2800x2070_18"
recWIc7TGj7hFsXEM,K351_RT_2800x2070_18,K351,RT,BETON RDZAWY ,https://azmproducts.plasmic.run/product/recWIc7TGj7hFsXEM,"PLN 331,41",Płyta,CAŁA,,2800,2070,Płyta laminowana,,SE K351 RT,18,Kronospan,"https://azmproducts.plasmic.run/product/recWIc7TGj7hFsXEM, K351_RT_2800x2070_18"
recfm9Haq9WpigSr9,K352_RT_2800x2070_18,K352,RT,BETON CIEMNY ,https://azmproducts.plasmic.run/product/recfm9Haq9WpigSr9,"PLN 331,41",Płyta,CAŁA,,2800,2070,Płyta laminowana,,SE K352 RT,18,Kronospan,"https://azmproducts.plasmic.run/product/recfm9Haq9WpigSr9, K352_RT_2800x2070_18"
recIvlu3ujkolrgEN,K353_RT_2800x2070_18,K353,RT,BETON CZARNY ,https://azmproducts.plasmic.run/product/recIvlu3ujkolrgEN,"PLN 331,41",Płyta,CAŁA,,2800,2070,Płyta laminowana,,SE K353 RT,18,Kronospan,"https://azmproducts.plasmic.run/product/recIvlu3ujkolrgEN, K353_RT_2800x2070_18"
recRAGN13ttC8xRfM,K538_PN_2800x2070_18,K538,PN,ŁUPEK AROSA JASNY,https://azmproducts.plasmic.run/product/recRAGN13ttC8xRfM,"PLN 331,41",Płyta,CAŁA,,2800,2070,Płyta laminowana,,SE K538 PN,18,Kronospan,"https://azmproducts.plasmic.run/product/recRAGN13ttC8xRfM, K538_PN_2800x2070_18"
recGsVggYqjXocXx3,K539_PN_2800x2070_18,K539,PN,ŁUPEK AROSA CIEMNY,https://azmproducts.plasmic.run/product/recGsVggYqjXocXx3,"PLN 331,41",Płyta,CAŁA,,2800,2070,Płyta laminowana,,SE K539 PN,18,Kronospan,"https://azmproducts.plasmic.run/product/recGsVggYqjXocXx3, K539_PN_2800x2070_18"
recsNsr5KC1329yfe,K540_PN_2800x2070_18,K540,PN,ALBUS SZARY,https://azmproducts.plasmic.run/product/recsNsr5KC1329yfe,"PLN 331,41",Płyta,CAŁA,,2800,2070,Płyta laminowana,,SE K540 PN,18,Kronospan,"https://azmproducts.plasmic.run/product/recsNsr5KC1329yfe, K540_PN_2800x2070_18"
recN5RG7J3fg969Sh,K691_PN_2800x2070_18,K691,PN,GRANADA MIGDAŁOWA,https://azmproducts.plasmic.run/product/recN5RG7J3fg969Sh,"PLN 305,57",Płyta,CAŁA,,2800,2070,Płyta laminowana,checked,,18,Kronospan,"https://azmproducts.plasmic.run/product/recN5RG7J3fg969Sh, K691_PN_2800x2070_18"
recSAGSqkoEVZtGRI,K692_PN_2800x2070_18,K692,PN,GRANADA NIEBIAŃSKA,https://azmproducts.plasmic.run/product/recSAGSqkoEVZtGRI,"PLN 305,57",Płyta,CAŁA,,2800,2070,Płyta laminowana,checked,,18,Kronospan,"https://azmproducts.plasmic.run/product/recSAGSqkoEVZtGRI, K692_PN_2800x2070_18"
recrZ75RKPIloxgNI,K693_PN_2800x2070_18,K693,PN,GRANADA BRĄZOWA,https://azmproducts.plasmic.run/product/recrZ75RKPIloxgNI,"PLN 305,57",Płyta,CAŁA,,2800,2070,Płyta laminowana,checked,,18,Kronospan,"https://azmproducts.plasmic.run/product/recrZ75RKPIloxgNI, K693_PN_2800x2070_18"
recFZD4hDdUJdA8gD,K527_HU_2800x2070_18,K527,HU,DĄB HUDSON BISZKOPTOWY ,https://azmproducts.plasmic.run/product/recFZD4hDdUJdA8gD,"PLN 364,11",Płyta,CAŁA,,2800,2070,Płyta laminowana,,,18,Kronospan,"https://azmproducts.plasmic.run/product/recFZD4hDdUJdA8gD, K527_HU_2800x2070_18"
reckwOsfoYFWwX8y8,K528_HU_2800x2070_18,K528,HU,DĄB HUDSON KASZMIROWY ,https://azmproducts.plasmic.run/product/reckwOsfoYFWwX8y8,"PLN 364,11",Płyta,CAŁA,,2800,2070,Płyta laminowana,,,18,Kronospan,"https://azmproducts.plasmic.run/product/reckwOsfoYFWwX8y8, K528_HU_2800x2070_18"
recxMyS3VoQ5hGlkg,K529_HU_2800x2070_18,K529,HU,DĄB HUDSON ZŁOTY ,https://azmproducts.plasmic.run/product/recxMyS3VoQ5hGlkg,"PLN 364,11",Płyta,CAŁA,,2800,2070,Płyta laminowana,,K529 RW,18,Kronospan,"https://azmproducts.plasmic.run/product/recxMyS3VoQ5hGlkg, K529_HU_2800x2070_18"
recSvyAnEOLKFzlGj,K530_HU_2800x2070_18,K530,HU,DĄB HUDSON AMARETTO ,https://azmproducts.plasmic.run/product/recSvyAnEOLKFzlGj,"PLN 364,11",Płyta,CAŁA,,2800,2070,Płyta laminowana,,,18,Kronospan,"https://azmproducts.plasmic.run/product/recSvyAnEOLKFzlGj, K530_HU_2800x2070_18"
recUDNRWaXprgE6nO,K531_AD_2800x2070_18,K531,AD,KASZTAN ARVADONNA KAMIENNY ,https://azmproducts.plasmic.run/product/recUDNRWaXprgE6nO,"PLN 364,11",Płyta,CAŁA,,2800,2070,Płyta laminowana,,,18,Kronospan,"https://azmproducts.plasmic.run/product/recUDNRWaXprgE6nO, K531_AD_2800x2070_18"
recyOsDjipK26IkX9,K532_AD_2800x2070_18,K532,AD,KASZTAN ARVADONNA,https://azmproducts.plasmic.run/product/recyOsDjipK26IkX9,"PLN 364,11",Płyta,CAŁA,,2800,2070,Płyta laminowana,,,18,Kronospan,"https://azmproducts.plasmic.run/product/recyOsDjipK26IkX9, K532_AD_2800x2070_18"
recp49oVUFB1euXKy,K533_AD_2800x2070_18,K533,AD,KASZTAN ARVADONNA MINK ,https://azmproducts.plasmic.run/product/recp49oVUFB1euXKy,"PLN 364,11",Płyta,CAŁA,,2800,2070,Płyta laminowana,,,18,Kronospan,"https://azmproducts.plasmic.run/product/recp49oVUFB1euXKy, K533_AD_2800x2070_18"
rectbj8iiBa4YURNB,K534_AD_2800x2070_18,K534,AD,KASZTAN ARVADONNA CIEMNY ,https://azmproducts.plasmic.run/product/rectbj8iiBa4YURNB,"PLN 364,11",Płyta,CAŁA,,2800,2070,Płyta laminowana,,,18,Kronospan,"https://azmproducts.plasmic.run/product/rectbj8iiBa4YURNB, K534_AD_2800x2070_18"
recQeANnv6aZRo0rX,K554_HU_2800x2070_18,K554,HU,DĄB HUDSON CZEKOLADOWY ,https://azmproducts.plasmic.run/product/recQeANnv6aZRo0rX,"PLN 364,11",Płyta,CAŁA,,2800,2070,Płyta laminowana,,,18,Kronospan,"https://azmproducts.plasmic.run/product/recQeANnv6aZRo0rX, K554_HU_2800x2070_18"
recCnOmSuHC6caeP2,K694_PV_2800x2070_18,K694,PV,DĄB PRIMAVERA JEDWABNY NOWOŚĆ,https://azmproducts.plasmic.run/product/recCnOmSuHC6caeP2,"PLN 317,96",Płyta,CAŁA,,2800,2070,Płyta laminowana,checked,,18,Kronospan,"https://azmproducts.plasmic.run/product/recCnOmSuHC6caeP2, K694_PV_2800x2070_18"
recqQCU3d7tquqKLB,K695_PV_2800x2070_18,K695,PV,DĄB PRIMAVERA SŁOMKOWY,https://azmproducts.plasmic.run/product/recqQCU3d7tquqKLB,"PLN 317,96",Płyta,CAŁA,,2800,2070,Płyta laminowana,checked,,18,Kronospan,"https://azmproducts.plasmic.run/product/recqQCU3d7tquqKLB, K695_PV_2800x2070_18"
recQVL8Ja7rTbABqM,K696_PV_2800x2070_18,K696,PV,DĄB PRIMAVERA UMBER,https://azmproducts.plasmic.run/product/recQVL8Ja7rTbABqM,"PLN 317,96",Płyta,CAŁA,,2800,2070,Płyta laminowana,checked,,18,Kronospan,"https://azmproducts.plasmic.run/product/recQVL8Ja7rTbABqM, K696_PV_2800x2070_18"
recoMQJvLntbST12F,K697_PV_2800x2070_18,K697,PV,DĄB PRIMAVERA KAKOWY,https://azmproducts.plasmic.run/product/recoMQJvLntbST12F,"PLN 317,96",Płyta,CAŁA,,2800,2070,Płyta laminowana,checked,,18,Kronospan,"https://azmproducts.plasmic.run/product/recoMQJvLntbST12F, K697_PV_2800x2070_18"