id,code,decor,structure,name,url,category,sellUnit,label,length,width,description,isNew,thickness,side,producer,additional_info,price_600_m_1,price_700_m_1,price_800_m_1,price_900_m_1,price_1200_m_1,price_600_m_2,price_700_m_2,price_800_m_2,price_900_m_2,price_1200_m_2_2,url + code
recBGLycfEsKQ3ouX,K_190_RS_4100,190,RS,CZARNY,https://qr-codes-page.vercel.app/product/recBGLycfEsKQ3ouX,Blat,"600: możliwość kupna połowy blatu.
Pozostałe wartianty sprzedawane w całości.",K,4100,600;900;1200,"Blat roboczy, jednostronnie zaoblony.",,38,1,Kronospan,,"PLN 332,31",,,"PLN 542,23","PLN 723,81",,,,,,"https://qr-codes-page.vercel.app/product/recBGLycfEsKQ3ouX, K_190_RS_4100"
recniDr2wZXkBvMQa,K_3025_WO_4100,3025,WO,DĄB SONOMA JASNY,https://qr-codes-page.vercel.app/product/recniDr2wZXkBvMQa,Blat,"600: możliwość kupna połowy blatu.
Pozostałe wartianty sprzedawane w całości.",K,4100,600;900;1200,"Blat roboczy, jednostronnie zaoblony.",,38,1,Kronospan,,"PLN 332,31",,,"PLN 542,23","PLN 723,81",,,,,,"https://qr-codes-page.vercel.app/product/recniDr2wZXkBvMQa, K_3025_WO_4100"
recsE08MuivWFOJmB,K_7045_RS_4100,7045,RS,SZAMPAŃSKI,https://qr-codes-page.vercel.app/product/recsE08MuivWFOJmB,Blat,"600: możliwość kupna połowy blatu.
Pozostałe wartianty sprzedawane w całości.",K,4100,600;1200,"Blat roboczy, jednostronnie zaoblony.",,38,1,Kronospan,,"PLN 332,31",,,,"PLN 723,81",,,,,,"https://qr-codes-page.vercel.app/product/recsE08MuivWFOJmB, K_7045_RS_4100"
rec1CBTbOQ4dZMbjz,K_7240_WO_4100,7240,WO,DĄB COUNTRY SZARY,https://qr-codes-page.vercel.app/product/rec1CBTbOQ4dZMbjz,Blat,"600: możliwość kupna połowy blatu.
Pozostałe wartianty sprzedawane w całości.",K,4100,600;1200,"Blat roboczy, jednostronnie zaoblony.",,38,1,Kronospan,,"PLN 332,31",,,,"PLN 723,81",,,,,,"https://qr-codes-page.vercel.app/product/rec1CBTbOQ4dZMbjz, K_7240_WO_4100"
rec2btpoZdcZvHySY,K_8685_RS_4100,8685,RS,BIEL ALPEJSKA,https://qr-codes-page.vercel.app/product/rec2btpoZdcZvHySY,Blat,"600: możliwość kupna połowy blatu.
Pozostałe wartianty sprzedawane w całości.",K,4100,600;1200,"Blat roboczy, jednostronnie zaoblony.",,38,1,Kronospan,,"PLN 332,31",,,,"PLN 723,81",,,,,,"https://qr-codes-page.vercel.app/product/rec2btpoZdcZvHySY, K_8685_RS_4100"
recgdpYpTDKhVFI6A,K_K091_ FP_4100,K091, FP,DĄB PORTERHOUSE JASNY,https://qr-codes-page.vercel.app/product/recgdpYpTDKhVFI6A,Blat,"600: możliwość kupna połowy blatu.
Pozostałe wartianty sprzedawane w całości.",K,4100,600;900;1200,"Blat roboczy, jednostronnie zaoblony.",,38,1,Kronospan,,"PLN 332,31",,,,"PLN 723,81",,,,,,"https://qr-codes-page.vercel.app/product/recgdpYpTDKhVFI6A, K_K091_ FP_4100"
recVI1QOsYmMpEZkk,K_K092_FP_4100,K092,FP,DĄB PORTERHOUSE CIEMNY,https://qr-codes-page.vercel.app/product/recVI1QOsYmMpEZkk,Blat,"600: możliwość kupna połowy blatu.
Pozostałe wartianty sprzedawane w całości.",K,4100,600;1200,"Blat roboczy, jednostronnie zaoblony.",,38,1,Kronospan,,"PLN 332,31",,,"PLN 542,23","PLN 723,81",,,,,,"https://qr-codes-page.vercel.app/product/recVI1QOsYmMpEZkk, K_K092_FP_4100"
recXWNKh93Ta01IP4,K_K203_PE_4100,K203,PE,GRANIT ANTRACYT,https://qr-codes-page.vercel.app/product/recXWNKh93Ta01IP4,Blat,"600: możliwość kupna połowy blatu.
Pozostałe wartianty sprzedawane w całości.",K,4100,600;1200,"Blat roboczy, jednostronnie zaoblony.",,38,1,Kronospan,,"PLN 332,31",,,,"PLN 723,81",,,,,,"https://qr-codes-page.vercel.app/product/recXWNKh93Ta01IP4, K_K203_PE_4100"
recowvAheXG0Mik7V,K_K204_PE_4100,K204,PE,GRANIT KLASYCZNY,https://qr-codes-page.vercel.app/product/recowvAheXG0Mik7V,Blat,"600: możliwość kupna połowy blatu.
Pozostałe wartianty sprzedawane w całości.",K,4100,600;1200,"Blat roboczy, jednostronnie zaoblony.",,38,1,Kronospan,,"PLN 332,31",,,,"PLN 723,81",,,,,,"https://qr-codes-page.vercel.app/product/recowvAheXG0Mik7V, K_K204_PE_4100"
recR0q0m0Q1nhO6Vh,K_K206_PE_4100,K206,PE,ORZECH PORTERHOUSE,https://qr-codes-page.vercel.app/product/recR0q0m0Q1nhO6Vh,Blat,"600: możliwość kupna połowy blatu.
Pozostałe wartianty sprzedawane w całości.",K,4100,600;1200,"Blat roboczy, jednostronnie zaoblony.",,38,1,Kronospan,,"PLN 332,31",,,,"PLN 723,81",,,,,,"https://qr-codes-page.vercel.app/product/recR0q0m0Q1nhO6Vh, K_K206_PE_4100"
rec3YmwNC13Kxcs7R,K_K212_PA_4100,K212,PA,MARMUR BEŻOWY ROYAL,https://qr-codes-page.vercel.app/product/rec3YmwNC13Kxcs7R,Blat,"600: możliwość kupna połowy blatu.
Pozostałe wartianty sprzedawane w całości.",K,4100,600;900;1200,"Blat roboczy, jednostronnie zaoblony.",,38,1,Kronospan,,"PLN 332,31",,,,"PLN 723,81",,,,,,"https://qr-codes-page.vercel.app/product/rec3YmwNC13Kxcs7R, K_K212_PA_4100"
recq4xNp4WdjcVKbj,K_K215_BS_4100,K215,BS,BIAŁE WYDMY,https://qr-codes-page.vercel.app/product/recq4xNp4WdjcVKbj,Blat,"600: możliwość kupna połowy blatu.
Pozostałe wartianty sprzedawane w całości.",K,4100,600;1200,"Blat roboczy, jednostronnie zaoblony.",,38,1,Kronospan,,"PLN 332,31",,,"PLN 542,23","PLN 723,81",,,,,,"https://qr-codes-page.vercel.app/product/recq4xNp4WdjcVKbj, K_K215_BS_4100"
rectXhQUzvkddzNJx,K_A785_RS_4100,A785,RS,DISTRICT DARK,https://qr-codes-page.vercel.app/product/rectXhQUzvkddzNJx,Blat,"600: możliwość kupna połowy blatu.
Pozostałe wartianty sprzedawane w całości.",K,4100,600;1200,"Blat roboczy, jednostronnie zaoblony.",,38,1,Kronospan,,"PLN 345,75",,,,"PLN 750,83",,,,,,"https://qr-codes-page.vercel.app/product/rectXhQUzvkddzNJx, K_A785_RS_4100"
recx7CGJDw3vB7vqy,K_2738_FP_4100,2738,FP,DĄB CREMONA TORRO,https://qr-codes-page.vercel.app/product/recx7CGJDw3vB7vqy,Blat,"600: możliwość kupna połowy blatu.
Pozostałe wartianty sprzedawane w całości.",K,4100,600;1200,"Blat roboczy, jednostronnie zaoblony.",,38,1,Kronospan,,"PLN 345,75",,,,"PLN 750,83",,,,,,"https://qr-codes-page.vercel.app/product/recx7CGJDw3vB7vqy, K_2738_FP_4100"
rec4d8rUjXmyluDAc,K_2738_WO_4100,2738,WO,DĄB CREMONA TORRO,https://qr-codes-page.vercel.app/product/rec4d8rUjXmyluDAc,Blat,"600: możliwość kupna połowy blatu.
Pozostałe wartianty sprzedawane w całości.",K,4100,600;1200,"Blat roboczy, jednostronnie zaoblony.",,38,1,Kronospan,,"PLN 345,75",,,,"PLN 750,83",,,,,,"https://qr-codes-page.vercel.app/product/rec4d8rUjXmyluDAc, K_2738_WO_4100"
recN0bgJw5DkETi4r,K_4298_UE_4100,4298,UE,JASNY ATELIER,https://qr-codes-page.vercel.app/product/recN0bgJw5DkETi4r,Blat,"600: możliwość kupna połowy blatu.
Pozostałe wartianty sprzedawane w całości.",K,4100,600;900;1200,"Blat roboczy, jednostronnie zaoblony.",,38,1,Kronospan,,"PLN 345,75",,,,"PLN 750,83",,,,,,"https://qr-codes-page.vercel.app/product/recN0bgJw5DkETi4r, K_4298_UE_4100"
recFYXrKbGOlWfCry,K_4299_UE_4100,4299,UE,CIEMNY ATELIER,https://qr-codes-page.vercel.app/product/recFYXrKbGOlWfCry,Blat,"600: możliwość kupna połowy blatu.
Pozostałe wartianty sprzedawane w całości.",K,4100,600;900;1200,"Blat roboczy, jednostronnie zaoblony.",,38,1,Kronospan,,"PLN 345,75",,,"PLN 542,23","PLN 750,83",,,,,,"https://qr-codes-page.vercel.app/product/recFYXrKbGOlWfCry, K_4299_UE_4100"
recGm81FIvgI1B8mi,K_5402_WO_4100,5402,WO,DĄB WOTAN ,https://qr-codes-page.vercel.app/product/recGm81FIvgI1B8mi,Blat,"600: możliwość kupna połowy blatu.
Pozostałe wartianty sprzedawane w całości.",K,4100,600;900;1200,"Blat roboczy, jednostronnie zaoblony.",,38,1,Kronospan,,"PLN 332,31",,,"PLN 542,23","PLN 723,81",,,,,,"https://qr-codes-page.vercel.app/product/recGm81FIvgI1B8mi, K_5402_WO_4100"
recL74Xcb8GludkkU,K_5527_FP_4100,5527,FP,DĄB KAMIENNY,https://qr-codes-page.vercel.app/product/recL74Xcb8GludkkU,Blat,"600: możliwość kupna połowy blatu.
Pozostałe wartianty sprzedawane w całości.",K,4100,600;900;1200,"Blat roboczy, jednostronnie zaoblony.",,38,1,Kronospan,,"PLN 332,31",,,"PLN 542,23","PLN 723,81",,,,,,"https://qr-codes-page.vercel.app/product/recL74Xcb8GludkkU, K_5527_FP_4100"
recaIrp76ZIZ3qbI9,K_K002_FP_4100,K002,FP,DĄB CRAFT SZARY,https://qr-codes-page.vercel.app/product/recaIrp76ZIZ3qbI9,Blat,"600: możliwość kupna połowy blatu.
Pozostałe wartianty sprzedawane w całości.",K,4100,600;900;1200,"Blat roboczy, jednostronnie zaoblony.",,38,1,Kronospan,,"PLN 345,75",,,"PLN 542,23",,,,,,,"https://qr-codes-page.vercel.app/product/recaIrp76ZIZ3qbI9, K_K002_FP_4100"
recPuN6gMqUcreKDr,K_K003_FP_4100,K003,FP,DĄB CRAFT ZŁOTY,https://qr-codes-page.vercel.app/product/recPuN6gMqUcreKDr,Blat,"600: możliwość kupna połowy blatu.
Pozostałe wartianty sprzedawane w całości.",K,4100,600;900;1200,"Blat roboczy, jednostronnie zaoblony.",,38,1,Kronospan,,"PLN 332,31",,,"PLN 542,23","PLN 723,81",,,,,,"https://qr-codes-page.vercel.app/product/recPuN6gMqUcreKDr, K_K003_FP_4100"
rec5Vpoirb3KgnuT5,K_K013_SU_4100,K013,SU,BUK ARTISAN PIASKOWY,https://qr-codes-page.vercel.app/product/rec5Vpoirb3KgnuT5,Blat,"600: możliwość kupna połowy blatu.
Pozostałe wartianty sprzedawane w całości.",K,4100,600;900;1200,"Blat roboczy, jednostronnie zaoblony.",,38,1,Kronospan,,"PLN 345,75",,,"PLN 542,23","PLN 750,83",,,,,,"https://qr-codes-page.vercel.app/product/rec5Vpoirb3KgnuT5, K_K013_SU_4100"
recTnsA096ePHLiXT,K_K016_SU_4100,K016,SU,CARBON MARINE WOOD,https://qr-codes-page.vercel.app/product/recTnsA096ePHLiXT,Blat,"600: możliwość kupna połowy blatu.
Pozostałe wartianty sprzedawane w całości.",K,4100,600;1200,"Blat roboczy, jednostronnie zaoblony.",,38,1,Kronospan,,"PLN 345,75",,,,"PLN 750,83",,,,,,"https://qr-codes-page.vercel.app/product/recTnsA096ePHLiXT, K_K016_SU_4100"
rec1UiH5yMAlgK9ql,K_K023_SU_4100,K023,SU,VENATO,https://qr-codes-page.vercel.app/product/rec1UiH5yMAlgK9ql,Blat,"600: możliwość kupna połowy blatu.
Pozostałe wartianty sprzedawane w całości.",K,4100,600;1200,"Blat roboczy, jednostronnie zaoblony.",,38,1,Kronospan,,"PLN 345,75",,,,"PLN 750,83",,,,,,"https://qr-codes-page.vercel.app/product/rec1UiH5yMAlgK9ql, K_K023_SU_4100"
recUgpigukXSPXWRy,K_K028_SU_4100,K028,SU,PORTLAND,https://qr-codes-page.vercel.app/product/recUgpigukXSPXWRy,Blat,"600: możliwość kupna połowy blatu.
Pozostałe wartianty sprzedawane w całości.",K,4100,600;1200,"Blat roboczy, jednostronnie zaoblony.",,38,1,Kronospan,,"PLN 345,75",,,,"PLN 750,83",,,,,,"https://qr-codes-page.vercel.app/product/recUgpigukXSPXWRy, K_K028_SU_4100"
recaL4EGhhglF2mI6,K_K029_SU_4100,K029,SU,BLOK LNIANY,https://qr-codes-page.vercel.app/product/recaL4EGhhglF2mI6,Blat,"600: możliwość kupna połowy blatu.
Pozostałe wartianty sprzedawane w całości.",K,4100,600;1200,"Blat roboczy, jednostronnie zaoblony.",,38,1,Kronospan,,"PLN 345,75",,,,"PLN 750,83",,,,,,"https://qr-codes-page.vercel.app/product/recaL4EGhhglF2mI6, K_K029_SU_4100"
recAylpwLYDfK07Ir,K_K030_SU_4100,K030,SU,BLOK JAVA,https://qr-codes-page.vercel.app/product/recAylpwLYDfK07Ir,Blat,"600: możliwość kupna połowy blatu.
Pozostałe wartianty sprzedawane w całości.",K,4100,600;1200,"Blat roboczy, jednostronnie zaoblony.",,38,1,Kronospan,,"PLN 345,75",,,,"PLN 750,83",,,,,,"https://qr-codes-page.vercel.app/product/recAylpwLYDfK07Ir, K_K030_SU_4100"
rec5bkQIVhzAPcGnB,K_K095_SU_4100,K095,SU,MARMUR TERRAZZO JASNY,https://qr-codes-page.vercel.app/product/rec5bkQIVhzAPcGnB,Blat,"600: możliwość kupna połowy blatu.
Pozostałe wartianty sprzedawane w całości.",K,4100,600;1200,"Blat roboczy, jednostronnie zaoblony.",,38,1,Kronospan,,"PLN 345,75",,,,"PLN 750,83",,,,,,"https://qr-codes-page.vercel.app/product/rec5bkQIVhzAPcGnB, K_K095_SU_4100"
rec4sVO3IrdrfHsIj,K_K201_RS_4100,K201,RS,BETON CIEMNOSZARY,https://qr-codes-page.vercel.app/product/rec4sVO3IrdrfHsIj,Blat,"600: możliwość kupna połowy blatu.
Pozostałe wartianty sprzedawane w całości.",K,4100,600;1200,"Blat roboczy, jednostronnie zaoblony.",,38,1,Kronospan,,"PLN 345,75",,,,"PLN 750,83",,,,,,"https://qr-codes-page.vercel.app/product/rec4sVO3IrdrfHsIj, K_K201_RS_4100"
recVCxUp11FRjTRpV,K_K205_RS_4100,K205,RS,BETON CZARNY,https://qr-codes-page.vercel.app/product/recVCxUp11FRjTRpV,Blat,"600: możliwość kupna połowy blatu.
Pozostałe wartianty sprzedawane w całości.",K,4100,600;900;1200,"Blat roboczy, jednostronnie zaoblony.",,38,1,Kronospan,,"PLN 332,31",,,"PLN 542,23","PLN 723,81",,,,,,"https://qr-codes-page.vercel.app/product/recVCxUp11FRjTRpV, K_K205_RS_4100"
recdw4Cky1311vPFp,K_K207_RS_4100,K207,RS,GALAXY SZARY,https://qr-codes-page.vercel.app/product/recdw4Cky1311vPFp,Blat,"600: możliwość kupna połowy blatu.
Pozostałe wartianty sprzedawane w całości.",K,4100,600;900;1200,"Blat roboczy, jednostronnie zaoblony.",,38,1,Kronospan,,"PLN 345,75",,,"PLN 542,23","PLN 750,83",,,,,,"https://qr-codes-page.vercel.app/product/recdw4Cky1311vPFp, K_K207_RS_4100"
rec7XNAQmskG400hQ,K_K209_RS_4100,K209,RS,WAPIEŃ CREMA,https://qr-codes-page.vercel.app/product/rec7XNAQmskG400hQ,Blat,"600: możliwość kupna połowy blatu.
Pozostałe wartianty sprzedawane w całości.",K,4100,600;900;1200,"Blat roboczy, jednostronnie zaoblony.",,38,1,Kronospan,,"PLN 345,75",,,"PLN 542,23","PLN 750,83",,,,,,"https://qr-codes-page.vercel.app/product/rec7XNAQmskG400hQ, K_K209_RS_4100"
rec9uwNlVgDo6xvZR,K_K210_PE_4100,K210,PE,KRZEMIEŃ CZARNY,https://qr-codes-page.vercel.app/product/rec9uwNlVgDo6xvZR,Blat,"600: możliwość kupna połowy blatu.
Pozostałe wartianty sprzedawane w całości.",K,4100,600;900;1200,"Blat roboczy, jednostronnie zaoblony.",,38,1,Kronospan,,"PLN 345,75",,,"PLN 542,23","PLN 750,83",,,,,,"https://qr-codes-page.vercel.app/product/rec9uwNlVgDo6xvZR, K_K210_PE_4100"
recTPY9Vw0cOKxfKD,K_K213_RS_4100,K213,RS,TIVOLI CIEMNE,https://qr-codes-page.vercel.app/product/recTPY9Vw0cOKxfKD,Blat,"600: możliwość kupna połowy blatu.
Pozostałe wartianty sprzedawane w całości.",K,4100,600;900;1200,"Blat roboczy, jednostronnie zaoblony.",,38,1,Kronospan,,"PLN 345,75",,,"PLN 542,23","PLN 750,83",,,,,,"https://qr-codes-page.vercel.app/product/recTPY9Vw0cOKxfKD, K_K213_RS_4100"
rece5oHRnzGcLwJgo,K_K214_RS_4100,K214,RS,TIVOLI JASNE,https://qr-codes-page.vercel.app/product/rece5oHRnzGcLwJgo,Blat,"600: możliwość kupna połowy blatu.
Pozostałe wartianty sprzedawane w całości.",K,4100,600;900;1200,"Blat roboczy, jednostronnie zaoblony.",,38,1,Kronospan,,"PLN 345,75",,,"PLN 542,23","PLN 750,83",,,,,,"https://qr-codes-page.vercel.app/product/rece5oHRnzGcLwJgo, K_K214_RS_4100"
recQE1gYE6eZDMi5V,K_K367_PH_4100,K367,PH,NAVONA KREMOWA ,https://qr-codes-page.vercel.app/product/recQE1gYE6eZDMi5V,Blat,"600: możliwość kupna połowy blatu.
Pozostałe wartianty sprzedawane w całości.",K,4100,600;1200,"Blat roboczy, jednostronnie zaoblony.",,38,1,Kronospan,,"PLN 345,75",,,,"PLN 750,83",,,,,,"https://qr-codes-page.vercel.app/product/recQE1gYE6eZDMi5V, K_K367_PH_4100"
recCMEMEtVgwWqDiV,K_K368_PH_4100,K368,PH,MARMUR ATLANTYCKI SZARY ,https://qr-codes-page.vercel.app/product/recCMEMEtVgwWqDiV,Blat,"600: możliwość kupna połowy blatu.
Pozostałe wartianty sprzedawane w całości.",K,4100,600;1200,"Blat roboczy, jednostronnie zaoblony.",,38,1,Kronospan,,"PLN 345,75",,,,"PLN 750,83",,,,,,"https://qr-codes-page.vercel.app/product/recCMEMEtVgwWqDiV, K_K368_PH_4100"
recb4ZR6An9N3mDCT,K_K369_PH_4100,K369,PH,MGŁAWICA NEBULA ,https://qr-codes-page.vercel.app/product/recb4ZR6An9N3mDCT,Blat,"600: możliwość kupna połowy blatu.
Pozostałe wartianty sprzedawane w całości.",K,4100,600;1200,"Blat roboczy, jednostronnie zaoblony.",,38,1,Kronospan,,"PLN 345,75",,,,"PLN 750,83",,,,,,"https://qr-codes-page.vercel.app/product/recb4ZR6An9N3mDCT, K_K369_PH_4100"
recLhwhNKHNLvzUif,K_K529_RW _4100,K529,RW ,DĄB HUDSON ZŁOTY,https://qr-codes-page.vercel.app/product/recLhwhNKHNLvzUif,Blat,"600: możliwość kupna połowy blatu.
Pozostałe wartianty sprzedawane w całości.",K,4100,600;1200,"Blat roboczy, jednostronnie zaoblony.",,38,1,Kronospan,,"PLN 345,75",,,,"PLN 750,83",,,,,,"https://qr-codes-page.vercel.app/product/recLhwhNKHNLvzUif, K_K529_RW _4100"
recLcB9usivIzL8Vm,K_K698_PN_4100,K698,PN,CIEMNY BRĄZ,https://qr-codes-page.vercel.app/product/recLcB9usivIzL8Vm,Blat,"600: możliwość kupna połowy blatu.
Pozostałe wartianty sprzedawane w całości.",K,4100,600;1200,"Blat roboczy, jednostronnie zaoblony.",,38,1,Kronospan,,"PLN 345,75",,,,"PLN 750,83",,,,,,"https://qr-codes-page.vercel.app/product/recLcB9usivIzL8Vm, K_K698_PN_4100"
recIk5HyEsRw4KfoP,K_K699_PN_4100,K699,PN,CALACATTA AMBROSIO,https://qr-codes-page.vercel.app/product/recIk5HyEsRw4KfoP,Blat,"600: możliwość kupna połowy blatu.
Pozostałe wartianty sprzedawane w całości.",K,4100,600;1200,"Blat roboczy, jednostronnie zaoblony.",,38,1,Kronospan,,"PLN 345,75",,,,"PLN 750,83",,,,,,"https://qr-codes-page.vercel.app/product/recIk5HyEsRw4KfoP, K_K699_PN_4100"
rec93tVwJxXwyuyOo,K_K703_PN_4100,K703,PN,PORTOBELLO ELEGANTE,https://qr-codes-page.vercel.app/product/rec93tVwJxXwyuyOo,Blat,"600: możliwość kupna połowy blatu.
Pozostałe wartianty sprzedawane w całości.",K,4100,600;1200,"Blat roboczy, jednostronnie zaoblony.",,38,1,Kronospan,,"PLN 345,75",,,,"PLN 750,83",,,,,,"https://qr-codes-page.vercel.app/product/rec93tVwJxXwyuyOo, K_K703_PN_4100"
recaAhOTRe8YYpEvR,K_K704_PN_4100,K704,PN,PERLINO SABBIA,https://qr-codes-page.vercel.app/product/recaAhOTRe8YYpEvR,Blat,"600: możliwość kupna połowy blatu.
Pozostałe wartianty sprzedawane w całości.",K,4100,600;1200,"Blat roboczy, jednostronnie zaoblony.",,38,1,Kronospan,,"PLN 345,75",,,,"PLN 750,83",,,,,,"https://qr-codes-page.vercel.app/product/recaAhOTRe8YYpEvR, K_K704_PN_4100"
recamRsjyFQv6BU4u,K_K705_PN_4100,K705,PN,STONEHAVEN SAND,https://qr-codes-page.vercel.app/product/recamRsjyFQv6BU4u,Blat,"600: możliwość kupna połowy blatu.
Pozostałe wartianty sprzedawane w całości.",K,4100,600;1200,"Blat roboczy, jednostronnie zaoblony.",,38,1,Kronospan,,"PLN 345,75",,,,"PLN 750,83",,,,,,"https://qr-codes-page.vercel.app/product/recamRsjyFQv6BU4u, K_K705_PN_4100"
rect269psycCvpg0y,K_K023_SQ_4100,K023,SQ,VENATO,https://qr-codes-page.vercel.app/product/rect269psycCvpg0y,Blat,"600: możliwość kupna połowy blatu.
Pozostałe wartianty sprzedawane w całości.",K,4100,600;1200,"Blat roboczy, jednostronnie zaoblony.",,38,1,Kronospan,,"PLN 363,67",,,,,,,,,,"https://qr-codes-page.vercel.app/product/rect269psycCvpg0y, K_K023_SQ_4100"
recoS6ZR1PWI79oSV,K_K217_GG_4100,K217,GG,ANDROMEDA BIAŁA,https://qr-codes-page.vercel.app/product/recoS6ZR1PWI79oSV,Blat,"600: możliwość kupna połowy blatu.
Pozostałe wartianty sprzedawane w całości.",K,4100,600;1200,"Blat roboczy, jednostronnie zaoblony.",,38,1,Kronospan,,"PLN 399,63",,,,"PLN 839,73",,,,,,"https://qr-codes-page.vercel.app/product/recoS6ZR1PWI79oSV, K_K217_GG_4100"
recC5vXRzovs2lyQ3,K_K218_GG_4100,K218,GG,ANDROMEDA CZARNA,https://qr-codes-page.vercel.app/product/recC5vXRzovs2lyQ3,Blat,"600: możliwość kupna połowy blatu.
Pozostałe wartianty sprzedawane w całości.",K,4100,600;1200,"Blat roboczy, jednostronnie zaoblony.",,38,1,Kronospan,,"PLN 399,63",,,,"PLN 839,73",,,,,,"https://qr-codes-page.vercel.app/product/recC5vXRzovs2lyQ3, K_K218_GG_4100"